,0
0,-0.09378204
1,-0.09187731
2,-0.091717176
3,-0.07716044
4,-0.07472782
5,-0.07499111
6,-0.064976215
7,-0.057188347
8,-0.056088846
9,-0.059782326
10,-0.07411082
11,-0.08314967
12,-0.09057725
13,-0.10260486
14,-0.10373055
15,-0.096081816
16,-0.0827864
17,-0.07461849
18,-0.06339397
19,-0.056264926
20,-0.04933599
21,-0.035787445
22,-0.03372323
23,-0.045675512
24,-0.06467873
25,-0.06289507
26,-0.058992073
27,-0.051300775
28,-0.04228102
29,-0.036687642
30,-0.035005577
31,-0.029282391
32,-0.012560587
33,-0.001986376
34,0.0022132327
35,0.009662267
36,0.023911221
37,0.029145477
38,0.044448275
39,0.03155111
40,0.011017412
41,0.003687174
42,-1.5118625e-05
43,-0.0049459175
44,0.00068451324
45,0.04247033
46,0.043297265
47,0.04374791
48,0.038698833
49,0.037162747
50,0.035672005
51,0.034776133
52,0.019953055
53,0.030682834
54,0.04579106
55,0.060456034
56,0.074038774
57,0.08723474
58,0.095069006
59,0.12825185
60,0.11158339
61,0.067834795
62,0.04183031
63,0.029010719
64,0.026265204
65,0.02121956
66,0.021970043
67,0.009646552
68,-0.0067766667
69,-0.0117832795
70,-0.012442933
71,-0.011049338
72,-0.0031465865
73,-0.018799698
74,-0.027524177
75,-0.03795809
76,-0.04866582
77,-0.057594053
78,-0.06285494
79,-0.06588598
80,-0.076116584
81,-0.08971408
82,-0.100519955
83,-0.10801865
84,-0.111153126
85,-0.11164926
86,-0.11138795
87,-0.10512292
88,-0.10065593
89,-0.10546933
90,-0.105109215
91,-0.10609741
92,-0.104683325
93,-0.10496272
94,-0.100160666
95,-0.097644724
96,-0.11751065
97,-0.13824622
98,-0.13804838
99,-0.13557725
100,-0.13046153
101,-0.1633963
102,-0.17317326
103,-0.18732956
104,-0.2044984
105,-0.21213377
106,-0.2148434
107,-0.2224996
108,-0.1540532
109,-0.15126169
110,-0.15280965
111,-0.15886648
112,-0.1601432
113,-0.16186328
114,-0.16489527
115,-0.16048999
116,-0.15368377
117,-0.14501373
118,-0.13438496
119,-0.12930565
120,-0.13157625
121,-0.13269226
122,-0.12590286
123,-0.12606438
124,-0.11986783
125,-0.11622737
126,-0.106350735
127,-0.09668269
128,-0.09430259
129,-0.08143615
130,-0.051220432
131,-0.046494685
132,-0.040017188
133,-0.028897319
134,-0.035364915
135,-0.047987383
136,-0.03274613
137,-0.03271066
138,-0.030364897
139,-0.022563167
140,-0.02698103
141,-0.02640551
142,-0.028078623
143,-0.0065263133
144,0.02163311
145,0.035635278
146,0.03797843
147,0.05219034
148,0.065197155
149,0.0689326
150,0.09971298
151,0.102195844
152,0.11307109
153,0.10897919
154,0.11511234
155,0.11430206
156,0.09913463
157,0.08884573
158,0.07160149
159,0.081198335
160,0.08583282
161,0.096218266
162,0.09330413
163,0.09187769
164,0.07982576
165,0.08067384
166,0.09901452
167,0.1174902
168,0.122308314
169,0.12811647
170,0.13670191
171,0.13917083
172,0.124955095
173,0.117185846
174,0.10555901
175,0.10315752
176,0.10699009
177,0.09918229
178,0.08322572
179,0.07438241
180,0.059166055
181,0.056435607
182,0.064020954
183,0.062700905
184,0.069208235
185,0.05318038
186,0.06625864
187,0.07465142
188,0.07001236
189,0.06466847
190,0.06080529
191,0.059243277
192,0.048502855
193,0.05431571
194,0.053485792
195,0.047663193
196,0.04285423
197,0.041419476
198,0.041013245
199,0.032725956
200,0.037897874
201,0.03919669
202,0.04104512
203,0.052959528
204,0.06032442
205,0.06285189
206,0.07469759
207,0.06680644
208,0.057931706
209,0.060727634
210,0.06990589
211,0.0767793
212,0.077817775
213,0.056664433
214,0.048961584
215,0.042075243
216,0.039229266
217,0.035450954
218,0.03044707
219,0.030396512
220,0.042220984
221,0.048928276
222,0.04770489
223,0.041289378
224,0.039618723
225,0.040768716
226,0.042292863
227,0.067443095
228,0.07726002
229,0.07168247
230,0.07054918
231,0.06831723
232,0.056799024
233,0.04821703
234,0.04231675
235,0.041735202
236,0.032561608
237,0.024364766
238,0.020391323
239,0.018313076
240,0.014847906
241,0.0031526568
242,0.0028991723
243,0.0075767776
244,0.01351344
245,0.017197985
246,0.02222498
247,0.023757193
248,0.019229256
249,0.00522874
250,-0.006422182
251,-0.013915863
252,-0.01654123
253,-0.007703842
254,0.0025374896
255,0.0049986527
256,0.0011545962
257,-0.0042709312
258,-0.011488764
259,-0.017486874
260,-0.027085412
261,-0.03629497
262,-0.043178774
263,-0.035568975
264,-0.023763148
265,-0.01263183
266,-0.012744186
267,-0.015168332
268,-0.018982649
269,-0.0143644735
270,-0.0144693665
271,-0.014445016
272,-0.010356551
273,-0.008597769
274,-0.005059198
275,-0.0023589255
276,-0.002122166
277,-0.0015484658
278,-0.010724507
279,-0.011612738
280,-0.010119956
281,-0.0041226554
282,0.005813773
283,0.019564886
284,0.03268036
285,0.02552498
286,0.01881449
287,0.020542532
288,0.026815305
289,0.026488168
290,0.028826244
291,0.015660651
292,0.003623081
293,-0.010493014
294,-0.019307142
295,-0.017065613
296,-0.0074419524
297,0.0058749453
298,0.010978257
299,0.0015198838
300,-0.0062021655
301,-0.008725129
302,-0.0108097885
303,-0.011562517
304,-0.023011679
305,-0.01952197
306,-0.018528964
307,-0.017916324
308,-0.011036579
309,-0.011757439
310,-0.013877446
311,-0.021802673
312,-0.02060435
313,-0.019389123
314,-0.016327497
315,-0.012891488
316,-0.009961301
317,-0.011860516
318,-0.008285491
319,-0.012248596
320,-0.015171535
321,-0.014970118
322,-0.01563959
323,-0.013725756
324,-0.009390956
325,0.00032256218
326,0.00064153876
327,-0.0013394738
328,0.0019651167
329,-0.000104175415
330,-0.0027115801
331,0.0004418753
332,0.007976584
333,0.010599954
334,0.007750467
335,0.009760484
336,0.013131328
337,0.008944751
338,0.008214143
339,0.025392326
340,0.031041734
341,0.037336398
342,0.045542087
343,0.049051013
344,0.054722197
345,0.06191359
346,0.06940143
347,0.086480595
348,0.086304896
349,0.082766496
350,0.08417536
351,0.089161195
352,0.0866428
353,0.09287151
354,0.09926114
355,0.09953419
356,0.09214474
357,0.0881316
358,0.080320105
359,0.07438505
360,0.079210155
361,0.06502492
362,0.063635774
363,0.06060539
364,0.05983951
365,0.06460148
366,0.06751423
367,0.06658039
368,0.05749243
369,0.052864827
370,0.049868606
371,0.044084676
372,0.04039479
373,0.041833088
374,0.042095397
375,0.03082623
376,0.024109876
377,0.020832844
378,0.0184337
379,0.014748195
380,0.011889797
381,0.014634246
382,0.019493828
383,0.016323188
384,0.018459003
385,0.023696717
386,0.026377585
387,0.030142747
388,0.03716789
389,0.032623064
390,0.019846179
391,0.007378627
392,-0.00048290845
393,-0.0035887393
394,-0.0037770518
395,-0.011088973
396,-0.014154652
397,-0.0093955975
398,-0.00638462
399,-0.008895569
400,-0.009935414
401,-0.0084925555
402,-0.004194155
403,-0.0026810816
404,0.00034253486
405,0.0042129923
406,0.008083046
407,0.0129232
408,0.014609037
409,0.023510396
410,0.014774246
411,0.008492609
412,0.007064391
413,0.0070860432
414,0.007732531
415,0.008509928
416,0.011775933
417,0.02283106
418,0.032428905
419,0.033587314
420,0.030923499
421,0.033008877
422,0.035316337
423,0.039507844
424,0.0418032
425,0.04960327
426,0.054436933
427,0.05717514
428,0.05521917
429,0.058776103
430,0.05426242
431,0.04714758
432,0.04520827
433,0.04304396
434,0.041473337
435,0.040347703
436,0.038129695
437,0.048023112
438,0.05635099
439,0.06713695
440,0.06932437
441,0.06558566
442,0.067248635
443,0.06766598
444,0.06426754
445,0.0643366
446,0.06559196
447,0.06356138
448,0.057185106
449,0.052736096
450,0.05317038
451,0.049564913
452,0.04645777
453,0.0451393
454,0.048013475
455,0.049654223
456,0.052605465
457,0.061051834
458,0.065340616
459,0.0620147
460,0.05748394
461,0.057142522
462,0.054529276
463,0.052400697
464,0.049296103
465,0.035400186
466,0.024441348
467,0.01854979
468,0.009217343
469,0.0028744696
470,0.0030754968
471,0.0060628112
472,0.0062372256
473,6.798608e-05
474,-0.0049288166
475,-0.006761477
476,-0.0029861839
477,0.003371052
478,0.006360857
479,0.010267276
480,0.006941523
481,0.0024343252
482,-0.003808103
483,-0.007377003
484,-0.008784544
485,-0.012432171
486,-0.018429192
487,-0.030942205
488,-0.034866057
489,-0.034988698
490,-0.039511114
491,-0.040878143
492,-0.044301286
493,-0.041057475
494,-0.028876007
495,-0.018463925
496,-0.006096966
497,-0.00600885
498,-0.0107080545
499,-0.016654186
500,-0.027837653
501,0.011449824
502,0.032878622
503,0.032574058
504,0.035949286
505,0.035745278
506,0.035830025
507,0.041255742
508,0.041267373
509,0.04735617
510,0.058954798
511,0.063488305
512,0.071233384
513,0.0787271
514,0.09547539
515,0.09911887
516,0.10168318
517,0.09373121
518,0.08911282
519,0.08638219
520,0.08601036
521,0.09078158
522,0.08418705
523,0.079233855
524,0.07181673
525,0.06588329
526,0.06739222
527,0.07140796
528,0.0747899
529,0.0806338
530,0.084427066
531,0.07914976
532,0.07712562
533,0.0780787
534,0.07441323
535,0.08111734
536,0.08535078
537,0.08447873
538,0.083382495
539,0.08939239
540,0.099224046
541,0.10360373
542,0.086822286
543,0.08505014
544,0.08627629
545,0.09100537
546,0.10214616
547,0.1150956
548,0.12487334
549,0.031151464
550,0.04245706
551,0.05020533
552,0.059280634
553,0.060644764
554,0.06439656
555,0.0634228
556,0.054145485
557,0.04766098
558,0.048703544
559,0.050343364
560,0.049292244
561,0.04879822
562,0.05113108
563,0.06269195
564,0.06516666
565,0.06183804
566,0.054921106
567,0.05329861
568,0.059712194
569,0.06772793
570,0.08287624
571,0.077232905
572,0.071268894
573,0.06588279
574,0.06170103
575,0.05628888
576,0.058974095
577,0.059558284
578,0.062452786
579,0.060518604
580,0.059009697
581,0.06572498
582,0.071368225
583,0.07695269
584,0.082106814
585,0.07855275
586,0.07251827
587,0.06558227
588,0.05860631
589,0.04997171
590,0.047093604
591,0.040432774
592,0.03158708
593,0.025243683
594,0.020988962
595,0.019528367
596,0.020989986
597,0.023748137
598,0.004784803
599,-0.002081303
600,-0.0045657926
601,-0.007840052
602,-0.010375798
603,-0.010241946
604,-0.009960851
605,-0.009820854
606,-0.009870887
607,-0.011981297
608,-0.014127085
609,-0.013514262
610,-0.013342349
611,-0.012245851
612,-0.015227161
613,-0.015450098
614,-0.017088972
615,-0.02140592
616,-0.025023187
617,-0.028556928
618,-0.028273035
619,-0.019942934
620,-0.017135222
621,-0.012077179
622,-0.009008408
623,-0.0063882633
624,-0.0063772905
625,-0.004497357
626,0.00018459093
627,0.00616187
628,0.006156789
629,0.0008877255
630,-0.0014749216
631,-0.0027547898
632,-0.0036327415
633,0.0014274283
634,0.0060928343
635,0.00384261
636,0.005929778
637,0.011232356
638,0.017124653
639,0.023567084
640,0.03211344
641,0.027615104
642,0.023727832
643,0.020712461
644,0.020966737
645,0.026339749
646,0.027019564
647,0.030441694
648,0.030838162
649,0.035381872
650,0.039433386
651,0.039064106
652,0.03747633
653,0.035713363
654,0.029148204
655,0.023069764
656,0.01928489
657,0.019340029
658,0.022421705
659,0.025299473
660,0.02836884
661,0.030738128
662,0.031012211
663,0.029015156
664,0.026650015
665,0.028251136
666,0.03022123
667,0.03420257
668,0.03874785
669,0.03409427
670,0.026388077
671,0.021132162
672,0.020927954
673,0.021930886
674,0.025339417
675,0.023727741
676,0.024348324
677,0.02600923
678,0.026344554
679,0.025435388
680,0.025431538
681,0.027069831
682,0.026946316
683,0.023169106
684,0.019552931
685,0.016236935
686,0.013935981
687,0.01338261
688,0.011992604
689,0.014265006
690,0.0143668745
691,0.013304666
692,0.012868479
693,0.016055916
694,0.018765416
695,0.020599946
696,0.019470563
697,0.009993603
698,0.0048549054
699,0.004726924
700,0.0059503275
701,0.008178996
702,0.007082389
703,0.016198056
704,0.010590409
705,0.00474974
706,-0.00033942237
707,-0.0033952747
708,-0.0022699195
709,-0.00040990254
710,0.0012490768
711,0.0015396206
712,0.00015236437
713,-0.0011726553
714,-0.0028157402
715,-0.004998759
716,-0.0073833973
717,-0.0058874018
718,-0.0043923003
719,-0.0046776333
720,-0.008239439
721,-0.0101465285
722,-0.010655511
723,-0.0106331855
724,-0.012558365
725,-0.012197554
726,-0.013031896
727,-0.010916408
728,-0.011534587
729,-0.012715645
730,-0.010492628
731,-0.010287536
732,-0.011840796
733,-0.015731584
734,-0.024345988
735,-0.025717463
736,-0.020548573
737,-0.017185789
738,-0.01514969
739,-0.012832418
740,-0.018894233
741,-0.02658882
742,-0.032718983
743,-0.032838948
744,-0.032636154
745,-0.026288811
746,-0.024660451
747,-0.018261066
748,-0.012097627
749,-0.011070158
750,-0.010578951
751,-0.011398254
752,-0.0034754877
753,-0.0029023704
754,-0.002350891
755,-0.005594617
756,-0.004675307
757,-0.0014020819
758,-0.0018236516
759,0.0027462752
760,-0.0043932577
761,-0.0076706805
762,-0.008028902
763,-0.008173527
764,-0.008305704
765,-0.0062469183
766,-0.0026312182
767,-0.004260507
768,0.0022495312
769,0.003400805
770,0.0021326046
771,0.0056885798
772,0.0037085
773,0.0022260665
774,-0.0045814305
775,-0.017132388
776,-0.02514728
777,-0.028345365
778,-0.030915156
779,-0.027940836
780,-0.0164533
781,-0.015404794
782,-0.022112733
783,-0.030555718
784,-0.03359854
785,-0.03165223
786,-0.033338573
787,-0.027537212
788,-0.013244802
789,-0.005648148
790,-0.0012738733
791,0.001682495
792,0.0044287476
793,0.0045141266
794,-0.0077860947
795,-0.009878581
796,-0.008569177
797,-0.0040716487
798,-0.0017961087
799,-0.0024860776
800,0.00011035614
801,0.0029822367
802,0.001818246
803,0.0010569901
804,-0.00062874006
805,0.0008063987
806,0.0014806055
807,0.0017530033
808,0.0063022114
809,0.011007255
810,0.00963445
811,0.012641386
812,0.015228819
813,0.015567377
814,0.019238519
815,0.015916724
816,0.010289844
817,0.0060176775
818,0.0030698164
819,0.0024340798
820,0.002163552
821,0.00010187738
822,0.03044396
823,0.024693802
824,0.03593724
825,0.04273211
826,0.04876323
827,0.052084193
828,0.051804543
829,0.065110005
830,0.07007555
831,0.07300403
832,0.063151665
833,0.057007376
834,0.056971073
835,0.058921278
836,0.046509784
837,0.04667459
838,0.050233014
839,0.051682413
840,0.05277001
841,0.05327971
842,0.051754866
843,0.042390592
844,0.044486098
845,0.046072785
846,0.047893986
847,0.0505403
848,0.051958684
849,0.052369338
850,0.05511843
851,0.05463621
852,0.048040535
853,0.04499664
854,0.044110652
855,0.04496123
856,0.041312505
857,0.04058552
858,0.034403525
859,0.03579581
860,0.036705334
861,0.034737006
862,0.03325754
863,0.03187346
864,0.032072373
865,0.032966003
866,0.035340074
867,0.03402085
868,0.03135843
869,0.032274816
870,0.027179258
871,0.023812374
872,0.018050078
873,0.012541138
874,0.006092595
875,0.00015563285
876,-0.0005129599
877,-0.002019532
878,-0.0005542808
879,0.0019319383
880,0.0025644142
881,0.004343386
882,0.0062564956
883,0.0066286935
884,0.0074262638
885,-0.000502449
886,-0.005517839
887,-0.0059874333
888,-0.005013297
889,-0.0045658923
890,-0.0044508004
891,-0.005634246
892,-0.013666697
893,-0.016273657
894,-0.015079247
895,-0.01330227
896,-0.013424654
897,-0.012853408
898,-0.011175875
899,-0.009645311
900,-0.0045141526
901,-0.0052195354
902,-0.005697463
903,-0.0024044714
904,0.0027624657
905,-0.0010117153
906,-0.0039865975
907,-0.00775295
908,-0.0038277726
909,0.0030609472
910,0.005448335
911,0.0065019615
912,0.008135486
913,0.003887789
914,0.0017175707
915,-0.00042536715
916,-0.0023983964
917,-0.0050868443
918,-0.0034222906
919,-0.0043074763
920,-0.004128248
921,0.0025548525
922,0.0028752016
923,0.0031268573
924,0.0025714247
925,0.00043962384
926,9.56771e-05
927,0.004406426
928,0.0048561622
929,-0.0005935733
930,-0.0015910841
931,-0.00027377065
932,-0.002653793
933,-0.0013908627
934,0.0025267492
935,-0.0014285343
936,-5.143322e-05
937,0.0032891994
938,0.003971792
939,0.006216218
940,0.007853268
941,0.007090071
942,0.014523556
943,0.016581539
944,0.020922748
945,0.022895021
946,0.022360994
947,0.020683583
948,0.019037705
949,0.016547624
950,0.018442448
951,0.023549613
952,0.026543658
953,0.028278625
954,0.031815473
955,0.030866463
956,0.027032766
957,0.018057859
958,0.010419965
959,0.008146979
960,0.0117885545
961,0.01622568
962,0.020947853
963,0.021815019
964,0.020404007
965,0.02022871
966,0.019914264
967,0.020462485
968,0.020789733
969,0.018166937
970,0.02089396
971,0.026256539
972,0.030021003
973,0.034747273
974,0.03574066
975,0.036475696
976,0.03329252
977,0.03355836
978,0.036102083
979,0.039336618
980,0.04033587
981,0.04156302
982,0.041366138
983,0.031554665
984,0.030254977
985,0.022879088
986,0.022180008
987,0.024624325
988,0.021880267
989,0.01770442
990,0.0056611774
991,0.008491685
992,0.0060310834
993,0.0085167065
994,0.0121899685
995,0.014147507
996,0.014395231
997,0.01706732
998,0.009456297
999,0.0060446756
1000,0.00725599
1001,0.005369205
1002,0.0045833657
1003,0.005283949
1004,0.012017358
1005,0.015946925
1006,0.01997807
1007,0.017600091
1008,0.017568788
1009,0.017670989
1010,0.017237386
1011,0.02368006
1012,0.023044841
1013,0.02227251
1014,0.02192629
1015,0.024206223
1016,0.024818858
1017,0.02515982
1018,0.028432291
1019,0.021513006
1020,0.013455326
1021,0.010456672
1022,0.009506483
1023,0.00924905
1024,0.011810752
1025,0.0074748974
1026,0.003165067
1027,-9.117089e-05
1028,-0.0011064755
1029,0.00015833182
1030,0.00056694355
1031,0.0015609274
1032,0.0034850473
1033,0.0034336867
1034,-0.0011759461
1035,-0.0046975664
1036,-0.006440921
1037,-0.004390528
1038,-0.0028545666
1039,-0.0038421438
1040,-0.0072678286
1041,-0.009512553
1042,-0.009828502
1043,-0.00791296
1044,-0.006297589
1045,-0.005236846
1046,-0.0047897683
1047,-0.007657779
1048,-0.009308429
1049,-0.013953825
1050,-0.0140241645
1051,-0.014365103
1052,-0.0132417325
1053,-0.013591262
1054,-0.015882412
1055,-0.01655007
1056,-0.01694527
1057,-0.01675927
1058,-0.01708828
1059,-0.016193956
1060,-0.010561509
1061,-0.011045849
1062,-0.010967167
1063,-0.011038195
1064,-0.010305442
1065,-0.01092042
1066,-0.011309477
1067,-0.007402103
1068,-0.0069428827
1069,-0.009140503
1070,-0.011446718
1071,-0.012806209
1072,-0.012009436
1073,-0.011466924
1074,-0.007257546
1075,-0.008177156
1076,-0.012494728
1077,-0.015352393
1078,-0.011824153
1079,-0.009399524
1080,-0.007167326
1081,-0.0013749963
1082,0.0020914508
1083,0.004553995
1084,0.0048247403
1085,0.0025845617
1086,0.0014475365
1087,0.00038554892
1088,0.0053284885
1089,0.0055748746
1090,0.007239282
1091,0.008729618
1092,0.010232395
1093,0.011141174
1094,0.012611175
1095,0.019980542
1096,0.019460281
1097,0.015152872
1098,0.011480961
1099,0.011496279
1100,0.010073254
1101,0.011149414
1102,0.016639302
1103,0.0138801765
1104,0.010539802
1105,0.010173783
1106,0.009859403
1107,0.009259642
1108,0.009477545
1109,0.00788975
1110,0.0072955377
1111,0.005249622
1112,0.0040954393
1113,0.0042590695
1114,0.0065242085
1115,0.009142573
1116,0.013063122
1117,0.016282452
1118,0.01803096
1119,0.018026099
1120,0.016386673
1121,0.017032357
1122,0.018255932
1123,0.023666171
1124,0.023325963
1125,0.023354849
1126,0.02421847
1127,0.029985966
1128,0.032939106
1129,0.03430502
1130,0.034661382
1131,0.030500643
1132,0.025918087
1133,0.027020564
1134,0.025204107
1135,0.02507592
1136,0.02200084
1137,0.020975044
1138,0.017059997
1139,0.014939314
1140,0.012526972
1141,0.0106625
1142,0.009405129
1143,0.01162851
1144,0.018000595
1145,0.017696392
1146,0.016095733
1147,0.011029415
1148,0.0024722305
1149,0.0024905056
1150,-0.0012429506
1151,-0.0014237366
1152,-0.004513616
1153,-0.00922652
1154,-0.005330472
1155,0.0007699812
1156,0.0029524786
1157,0.002370842
1158,0.008879317
1159,0.008363324
1160,0.0057601873
1161,-0.0007922207
1162,-0.0052180816
1163,-0.0060081356
1164,-0.0071700276
1165,-0.011876922
1166,-0.01109264
1167,-0.010322316
1168,-0.008213261
1169,-0.0068079852
1170,-0.0066147163
1171,-0.006145681
1172,-0.012326302
1173,-0.019057155
1174,-0.025250042
1175,-0.027223404
1176,-0.02524264
1177,-0.023438195
1178,-0.022485286
1179,-0.020506233
1180,-0.016165726
1181,-0.01243251
1182,-0.0146908015
1183,-0.012005815
1184,-0.009623665
1185,-0.008379601
1186,-0.005528324
1187,-0.006732538
1188,-0.007633695
1189,-0.00832562
1190,-0.008851051
1191,-0.011168802
1192,-0.011724271
1193,-0.0028779102
1194,0.00024204515
1195,0.0050295717
1196,0.010219542
1197,0.015324557
1198,0.017133275
1199,0.020064993
1200,0.027592862
1201,0.022612207
1202,0.018782305
1203,0.018380333
1204,0.016886989
1205,0.015053544
1206,0.016815232
1207,0.028613364
1208,0.040762447
1209,0.049024224
1210,0.0513494
1211,0.055094164
1212,0.056592405
1213,0.057828624
1214,0.05397963
1215,0.050936244
1216,0.05089272
1217,0.049926337
1218,0.04968284
1219,0.05258975
1220,0.056209356
1221,0.059843697
1222,0.05402374
1223,0.047803953
1224,0.044940017
1225,0.042130604
1226,0.039032534
1227,0.038097817
1228,0.03301098
1229,0.031835016
1230,0.036204863
1231,0.03808622
1232,0.0408794
1233,0.04547344
1234,0.048982345
1235,0.04902124
1236,0.053965077
1237,0.056048516
1238,0.05635778
1239,0.06186813
1240,0.06332366
1241,0.06539294
1242,0.06550978
1243,0.068482876
1244,0.069261916
1245,0.0652555
1246,0.06399141
1247,0.06004532
1248,0.0596971
1249,0.058053557
1250,0.059864204
1251,0.06349015
1252,0.067307174
1253,0.06777474
1254,0.06730387
1255,0.063436605
1256,0.054824367
1257,0.045430098
1258,0.03828314
1259,0.034551498
1260,0.03425855
1261,0.03644789
1262,0.036895614
1263,0.03999033
1264,0.042009916
1265,0.041713607
1266,0.037915196
1267,0.036710158
1268,0.034451112
1269,0.03314331
1270,0.040884823
1271,0.040368438
1272,0.042316046
1273,0.04566101
1274,0.049979843
1275,0.05365534
1276,0.05490159
1277,0.050804503
1278,0.04460648
1279,0.04106302
1280,0.03700862
1281,0.034080967
1282,0.033878624
1283,0.033899695
1284,0.029657602
1285,0.025636509
1286,0.02266022
1287,0.017005105
1288,0.013545711
1289,0.012705509
1290,0.013188148
1291,0.011500288
1292,0.009791635
1293,0.013621556
1294,0.01570872
1295,0.019462442
1296,0.018019235
1297,0.016017778
1298,0.013204368
1299,0.0070325136
1300,0.00011982536
1301,-0.0047246213
1302,-0.0060503115
1303,-0.008238746
1304,-0.009008585
1305,0.00044107065
1306,-0.0015948769
1307,-0.0027774754
1308,0.001113954
1309,0.003658453
1310,0.0036732922
1311,0.003124768
1312,-0.0009782538
1313,-0.0028637089
1314,-0.0063116397
1315,-0.010852868
1316,-0.009846656
1317,-0.005959327
1318,-0.0040592323
1319,-0.0072391345
1320,-0.0063717472
1321,-0.005947801
1322,-0.009810168
1323,-0.015811872
1324,-0.01999932
1325,-0.021541046
1326,-0.02093459
1327,-0.026569761
1328,-0.03094837
1329,-0.03594247
1330,-0.035453834
1331,-0.034370616
1332,-0.032612532
1333,-0.032090932
1334,-0.0280484
1335,-0.026748657
1336,-0.024147687
1337,-0.02285209
1338,-0.022079058
1339,-0.020181306
1340,-0.02226713
1341,-0.026106302
1342,-0.03073961
1343,-0.032206085
1344,-0.03158078
1345,-0.030275993
1346,-0.02795444
1347,-0.021833621
1348,-0.021785462
1349,-0.024077617
1350,-0.027646516
1351,-0.025875967
1352,-0.023413666
1353,-0.021915946
1354,-0.024051627
1355,-0.025510447
1356,-0.027094703
1357,-0.027933694
1358,-0.025314303
1359,-0.021746144
1360,-0.018832464
1361,-0.006388713
1362,0.0006634337
1363,0.0036114552
1364,0.004407924
1365,0.0050052893
1366,0.005153966
1367,0.005575519
1368,0.003922087
1369,0.004979017
1370,0.0095111765
1371,0.015721405
1372,0.014235202
1373,0.014280964
1374,0.015184706
1375,0.023045935
1376,0.022521455
1377,0.0162302
1378,0.01470302
1379,0.012243855
1380,0.01264505
1381,0.012455214
1382,0.0070017455
1383,0.011199506
1384,0.0056134122
1385,0.00033446169
1386,-0.0017512254
1387,-0.0013798345
1388,0.002040159
1389,0.0039303987
1390,-0.017329969
1391,-0.047445063
1392,-0.057926744
1393,-0.050842986
1394,-0.044748344
1395,-0.04566295
1396,-0.038884025
1397,-0.036199506
1398,-0.032628104
1399,-0.030628905
1400,-0.02542807
1401,-0.023444846
1402,-0.02508149
1403,-0.023741117
1404,-0.026875634
1405,-0.03092017
1406,-0.033812974
1407,-0.037878837
1408,-0.039657466
1409,-0.0426402
1410,-0.051984318
1411,-0.058196932
1412,-0.0626537
1413,-0.065468594
1414,-0.06831854
1415,-0.07384191
1416,-0.0790255
1417,-0.080773816
1418,-0.08368371
1419,-0.08497672
1420,-0.07902659
1421,-0.07496213
1422,-0.07547436
1423,-0.07798111
1424,-0.07188003
1425,-0.07443205
1426,-0.0812942
1427,-0.080117375
1428,-0.07752715
1429,-0.07752053
1430,-0.07922475
1431,-0.08242761
1432,-0.071951345
1433,-0.06336903
1434,-0.05597301
1435,-0.046419088
1436,-0.040772002
1437,-0.039345857
1438,0.009263542
1439,0.0022305474
1440,-0.0026211832
1441,-0.0027868957
1442,0.004119045
1443,0.0114004165
1444,0.012080975
1445,0.008862803
1446,-0.005560476
1447,-0.022196947
1448,-0.030067012
1449,-0.02669109
1450,-0.025994822
1451,-0.0281917
1452,-0.03103152
1453,-0.024084913
1454,-0.029517747
1455,-0.045832604
1456,-0.05514632
1457,-0.052716225
1458,-0.051394727
1459,-0.04675303
1460,-0.04555849
1461,-0.046099216
1462,-0.047141775
1463,-0.04287263
1464,-0.036674537
1465,-0.03460007
1466,-0.036949124
1467,-0.041674186
1468,-0.049521524
1469,-0.053828884
1470,-0.06127797
1471,-0.062144548
1472,-0.06188985
1473,-0.050339635
1474,-0.041226365
1475,-0.03425483
1476,-0.02587307
1477,-0.022827849
1478,-0.016993547
1479,-0.012367988
1480,-0.03268122
1481,-0.04003845
1482,-0.048586905
1483,-0.050967373
1484,-0.05001647
1485,-0.049463652
1486,-0.048709407
1487,-0.04607706
1488,-0.041908514
1489,-0.04371309
1490,-0.046012636
1491,-0.042370558
1492,-0.037240025
1493,-0.038104936
1494,-0.0125659965
1495,-0.012882564
1496,-0.011860918
1497,-0.014531836
1498,-0.009573244
1499,-0.0048245178
1500,-0.008068467
1501,-0.008402411
1502,0.025013259
1503,0.05000163
1504,0.053120892
1505,0.04534374
1506,0.041531485
1507,0.044672236
1508,0.061605155
1509,0.065878175
1510,0.07111596
1511,0.06956956
1512,0.068443455
1513,0.070754126
1514,0.06933674
1515,0.06428703
1516,0.0771711
1517,0.0784685
1518,0.07922035
1519,0.07791675
1520,0.076646715
1521,0.078118995
1522,0.062737525
1523,0.059601106
1524,0.05818802
1525,0.056052163
1526,0.054955345
1527,0.046191316
1528,0.03893036
1529,0.038117573
1530,0.029263407
1531,0.025164068
1532,0.02669825
1533,0.029575722
1534,0.029356135
1535,0.02779781
1536,0.02227878
1537,0.019561121
1538,0.018253596
1539,0.015021564
1540,0.013746083
1541,0.012613703
1542,0.010399164
1543,-0.0024670889
1544,-0.0068482882
1545,-0.008266412
1546,-0.011875844
1547,-0.013874646
1548,-0.01760271
1549,-0.020221397
1550,-0.033469304
1551,-0.04002181
1552,-0.042190034
1553,-0.043698538
1554,-0.042566452
1555,-0.043633457
1556,-0.045613885
1557,-0.05529511
1558,-0.055876747
1559,-0.056514602
1560,-0.05889658
1561,-0.06044194
1562,-0.05540316
1563,-0.048247043
1564,-0.031463366
1565,-0.022388866
1566,-0.01906419
1567,-0.021346187
1568,-0.023886476
1569,-0.022935772
1570,-0.02083787
1571,-0.025640493
1572,-0.024359075
1573,-0.022390913
1574,-0.022129785
1575,-0.011478564
1576,-0.0074131503
1577,-0.008439802
1578,-0.00949901
1579,-0.008862091
1580,-0.0044037285
1581,-0.0005557174
1582,0.0029739644
1583,0.004280226
1584,0.0032414745
1585,0.0016117492
1586,-1.6184524e-05
1587,0.0006745793
1588,0.0032054728
1589,0.004774684
1590,0.0077579455
1591,0.01490825
1592,0.018091297
1593,0.016398447
1594,0.017207708
1595,0.019552562
1596,0.030866405
1597,0.035500664
1598,0.035768013
1599,0.032758515
1600,0.031981368
1601,0.029836271
1602,0.027152043
1603,0.028056368
1604,0.034969486
1605,0.044047434
1606,0.05367999
1607,0.056563567
1608,0.058793142
1609,0.058850404
1610,0.044321228
1611,0.031531755
1612,0.025073623
1613,0.022621047
1614,0.019115198
1615,0.018065851
1616,0.018099181
1617,0.011315872
1618,0.0033598137
1619,0.0011410716
1620,0.00375644
1621,0.0030862633
1622,0.00075300504
1623,-0.00020228699
1624,0.004972464
1625,0.0063554323
1626,-0.002086883
1627,-0.0087354705
1628,-0.011170128
1629,-0.012510989
1630,-0.014322856
1631,-0.01399263
1632,-0.011978397
1633,-0.0076048733
1634,-0.0018991632
1635,0.002375091
1636,0.003447431
1637,0.0028360828
1638,-3.833091e-05
1639,0.0018918321
1640,0.004575848
1641,0.0048488853
1642,0.005325387
1643,0.0065952796
1644,0.0077560185
1645,0.014224246
1646,0.015511103
1647,0.011514295
1648,0.010879677
1649,0.0075859926
1650,0.008716658
1651,0.011328038
1652,0.00092707435
1653,-0.008450849
1654,-0.013559144
1655,-0.016108472
1656,-0.017057685
1657,-0.018251562
1658,-0.014614396
1659,-0.013253368
1660,-0.014109496
1661,-0.013804337
1662,-0.015928717
1663,-0.016813478
1664,-0.014841653
1665,-0.013465308
1666,-0.004054898
1667,-0.0007812022
1668,0.0028439155
1669,0.007703207
1670,0.010939969
1671,0.014959689
1672,0.016178377
1673,0.016090764
1674,0.020120086
1675,0.024590561
1676,0.024122061
1677,0.023257634
1678,0.020468798
1679,0.01979883
1680,0.01597982
1681,0.0075551746
1682,0.0012977696
1683,-0.0032664337
1684,-0.00703942
1685,-0.007087217
1686,-0.0049950513
1687,-0.0074070306
1688,-0.009792285
1689,-0.013533475
1690,-0.0182348
1691,-0.020686204
1692,-0.022323184
1693,-0.023136178
1694,-0.020645114
1695,-0.021200174
1696,-0.02429561
1697,-0.027170263
1698,-0.028227616
1699,-0.029351048
1700,-0.030498244
1701,-0.023562247
1702,-0.020942474
1703,-0.016254837
1704,-0.014490265
1705,-0.014514495
1706,-0.015265904
1707,-0.015423305
1708,-0.009688774
1709,-0.0041775773
1710,0.005668513
1711,0.008419288
1712,0.0066528525
1713,0.0123391
1714,0.01642723
1715,0.013581326
1716,0.008712315
1717,0.009956354
1718,0.01314711
1719,0.017379472
1720,0.021938289
1721,0.025716944
1722,0.024488302
1723,0.023886655
1724,0.021030568
1725,0.021818345
1726,0.024366144
1727,0.024619939
1728,0.024559788
1729,0.0309331
1730,0.03434018
1731,0.03560854
1732,0.035579465
1733,0.035810795
1734,0.036576457
1735,0.03573368
1736,0.0402052
1737,0.0446211
1738,0.04373953
1739,0.04369909
1740,0.04539551
1741,0.050294865
1742,0.0554073
1743,0.05873143
1744,0.06571855
1745,0.07246393
1746,0.073870204
1747,0.07413374
1748,0.07784633
1749,0.079523735
1750,0.074345805
1751,0.07849608
1752,0.078830756
1753,0.079391465
1754,0.08080705
1755,0.08030186
1756,0.08233314
1757,0.07329574
1758,0.060237475
1759,0.05164609
1760,0.04572793
1761,0.041383717
1762,0.04055529
1763,0.040389847
1764,0.036036618
1765,0.029923802
1766,0.025464565
1767,0.01789655
1768,0.013020432
1769,0.011864249
1770,0.012102094
1771,0.013156589
1772,0.01721115
1773,0.018286569
1774,0.017680861
1775,0.01700733
1776,0.016404545
1777,0.016754199
1778,0.020599274
1779,0.024405641
1780,0.023143142
1781,0.02010254
1782,0.019323437
1783,0.018962892
1784,0.018185236
1785,0.022386419
1786,0.022229817
1787,0.020484952
1788,0.019222552
1789,0.02047585
1790,0.019266322
1791,0.018976754
1792,0.017136648
1793,0.01808528
1794,0.019498026
1795,0.015645158
1796,0.011585671
1797,0.009470505
1798,0.00962818
1799,0.010480944
1800,0.0090219
1801,0.01004944
1802,0.012812035
1803,0.015799182
1804,0.018047864
1805,0.021191938
1806,0.03202604
1807,0.032981414
1808,0.031544056
1809,0.032417912
1810,0.032579806
1811,0.035395518
1812,0.039987024
1813,0.04054633
1814,0.036252864
1815,0.034397557
1816,0.03353194
1817,0.033322606
1818,0.03367695
1819,0.033602715
1820,0.031031748
1821,0.028008698
1822,0.024616467
1823,0.016189838
1824,0.015513983
1825,0.019438457
1826,0.021695346
1827,0.021020614
1828,0.021612557
1829,0.017611522
1830,0.014768653
1831,0.012435419
1832,0.014213556
1833,0.016156888
1834,0.01767023
1835,0.017912678
1836,0.020027284
1837,0.018427435
1838,0.01599547
1839,0.015037395
1840,0.014256308
1841,0.013775798
1842,0.020091554
1843,0.021823427
1844,0.020910071
1845,0.022336597
1846,0.019936638
1847,0.01976725
1848,0.01715723
1849,-0.003604733
1850,-0.022846581
1851,-0.031384226
1852,-0.033346843
1853,-0.028755147
1854,-0.028634686
1855,-0.025818616
1856,-0.029604007
1857,-0.03543207
1858,-0.039358176
1859,-0.039051756
1860,-0.037935648
1861,-0.03611899
1862,-0.029024627
1863,-0.026430901
1864,-0.029069424
1865,-0.027831193
1866,-0.024196822
1867,-0.021915624
1868,-0.02422516
1869,-0.01699102
1870,-0.01045377
1871,-0.012155671
1872,-0.01184261
1873,-0.009151837
1874,-0.009929033
1875,-0.010510193
1876,-0.0013750601
1877,-0.001013245
1878,0.001770684
1879,0.0039174813
1880,0.0030247583
1881,0.0035308274
1882,0.0028943033
1883,-0.00095783407
1884,0.0001481031
1885,0.0044220937
1886,0.0038100295
1887,0.0036845
1888,0.0034126812
1889,0.00067344215
1890,-0.005343336
1891,-0.0064950357
1892,-0.002256055
1893,0.0042847567
1894,0.006096007
1895,0.0057563977
1896,0.0052212216
1897,0.04057901
1898,0.03515047
1899,0.03202491
1900,0.028859222
1901,0.02892308
1902,0.032843094
1903,0.03638519
1904,0.03886904
1905,0.04217002
1906,0.04268458
1907,0.040615495
1908,0.040048074
1909,0.04086787
1910,0.04244998
1911,0.042816907
1912,0.038932774
1913,0.035366043
1914,0.03549164
1915,0.0358643
1916,0.035403565
1917,0.037458036
1918,0.03693293
1919,0.03314519
1920,0.0322987
1921,0.031956755
1922,0.03137808
1923,0.031653196
1924,0.032075796
1925,0.03148019
1926,0.032117162
1927,0.035016157
1928,0.038538225
1929,0.037404418
1930,0.0385209
1931,0.0410937
1932,0.041626364
1933,0.038371243
1934,0.035184946
1935,0.032438226
1936,0.03292671
1937,0.034756716
1938,0.036307182
1939,0.03183996
1940,0.025628382
1941,0.019060966
1942,0.015706288
1943,0.013622005
1944,0.013827004
1945,0.016550701
1946,0.020338394
1947,0.017674012
1948,0.011269799
1949,0.0052352306
1950,0.0030360692
1951,0.0037842689
1952,0.0073729167
1953,0.010837995
1954,0.00670682
1955,0.0068009193
1956,0.007975232
1957,0.009616656
1958,0.011745347
1959,0.011896129
1960,0.013039075
1961,0.01161328
1962,0.010716766
1963,0.007959225
1964,0.0045524957
1965,0.0034474912
1966,0.003294708
1967,0.005324731
1968,0.0032621175
1969,0.002650225
1970,0.0033260756
1971,0.004678332
1972,0.0067508207
1973,0.0098052025
1974,0.005878145
1975,-0.0001989603
1976,-0.0039252737
1977,-0.0064893677
1978,-0.00727207
1979,-0.007757683
1980,-0.008170085
1981,-0.0051444103
1982,-0.0048410795
1983,-0.007969387
1984,-0.010052087
1985,-0.010241032
1986,-0.00858249
1987,-0.0067542237
1988,-0.005934755
1989,-0.0057083867
1990,-0.0058651804
1991,-0.009618394
1992,-0.011630682
1993,-0.011371087
1994,-0.00925082
1995,0.0050907866
1996,0.0063120476
1997,0.0052206754
1998,0.0056466414
1999,0.0044363993
2000,0.003542692
2001,0.0027104192
2002,0.007404155
2003,0.0037917788
2004,0.0017730559
2005,0.00070932275
2006,0.00018240605
2007,0.00058415066
2008,0.002170306
2009,0.001659703
2010,0.0015440008
2011,0.0056475275
2012,0.009617463
2013,0.008929677
2014,0.00858221
2015,0.010297153
2016,0.008741828
2017,0.010431267
2018,0.01014813
2019,0.008365858
2020,0.0074538533
2021,0.0054725665
2022,0.0051017185
2023,0.0049807806
2024,0.005431059
2025,0.007896914
2026,0.0085843
2027,0.009322666
2028,0.009295521
2029,0.011710836
2030,0.011817403
2031,0.009077068
2032,0.005849558
2033,0.0026690965
2034,0.00092125405
2035,0.0014626593
2036,0.0031369708
2037,0.009284264
2038,0.011315953
2039,0.011475611
2040,0.008620071
2041,0.0067061624
2042,0.0053367983
2043,0.007438873
2044,0.011098774
2045,0.010694884
2046,0.008582956
2047,0.0083778985
2048,0.0070889434
2049,0.007519176
2050,0.008466859
2051,0.00670573
2052,0.0033519159
2053,0.0017227218
2054,-0.0021175817
2055,-0.00038141198
2056,0.00052519236
2057,0.002662844
2058,0.003578641
2059,0.0012619493
2060,0.0015525639
2061,0.0010772943
2062,0.0023660865
2063,0.0043084826
2064,0.0037266463
2065,0.0025175912
2066,0.0048534875
2067,0.0055932454
2068,0.0026732034
2069,-0.0017827475
2070,-0.007511184
2071,-0.007741568
2072,-0.009212058
2073,-0.012865869
2074,-0.015095605
2075,-0.013119247
2076,-0.01002319
2077,-0.008356946
2078,-0.00714058
2079,-0.0016412707
2080,-0.0001773024
2081,-0.0012866012
2082,-0.0016541313
2083,-0.0007143519
2084,-0.00078821136
2085,-0.0016199225
2086,-0.0008019437
2087,0.0026285485
2088,0.0005951915
2089,-0.0013405508
2090,-0.0022734078
2091,-0.002448985
2092,-0.004150204
2093,-0.0055788527
2094,-0.0110359825
2095,-0.014451958
2096,-0.01645989
2097,-0.013939299
2098,-0.010260778
2099,-0.0071810917
2100,-0.001608674
2101,-0.0006615594
2102,-0.00016452884
2103,0.00053870585
2104,0.0013277638
2105,0.0020673922
2106,0.0051055076
2107,0.0058488976
2108,0.004386517
2109,0.007408585
2110,0.009006462
2111,0.011129624
2112,0.014171876
2113,0.017844873
2114,0.017906442
2115,0.019235155
2116,0.025340999
2117,0.026677467
2118,0.031197771
2119,0.033882253
2120,0.0338854
2121,0.04004275
2122,0.04049887
2123,0.041206166
2124,0.043857932
2125,0.047327667
2126,0.046374686
2127,0.047192395
2128,0.04967512
2129,0.047569443
2130,0.04332082
2131,0.03809806
2132,0.041275978
2133,0.043179773
2134,0.047268413
2135,0.048762348
2136,0.05317387
2137,0.053234376
2138,0.055047784
2139,0.057056032
2140,0.0650682
2141,0.06976164
2142,0.08170215
2143,0.082115695
2144,0.08295988
2145,0.081077754
2146,0.08265332
2147,0.082157314
2148,0.08245807
2149,0.07748588
2150,0.069847256
2151,0.061457876
2152,0.052820522
2153,0.04827228
2154,0.04532384
2155,0.045604326
2156,0.041985396
2157,0.03535791
2158,0.030230206
2159,0.026890898
2160,0.026187692
2161,0.025178447
2162,0.025051648
2163,0.027297303
2164,0.029405471
2165,0.034433283
2166,0.036686406
2167,0.035582874
2168,0.03484377
2169,0.03476438
2170,0.03136117
2171,0.02417291
2172,0.018176759
2173,0.013441803
2174,0.011740065
2175,0.013788138
2176,0.015783846
2177,0.018582292
2178,0.017478906
2179,0.018816851
2180,0.017623398
2181,0.0140166655
2182,0.013878299
2183,0.012664636
2184,0.008367332
2185,0.00017936062
2186,-0.0045025717
2187,-0.010930575
2188,-0.014129616
2189,-0.014892168
2190,-0.01746678
2191,-0.025980398
2192,-0.02880714
2193,-0.029158916
2194,-0.028670043
2195,-0.02601664
2196,-0.021126477
2197,-0.013516512
2198,-0.008294217
2199,-0.00094366306
2200,0.003972048
2201,0.0077546407
2202,0.008414116
2203,0.006688021
2204,0.008352226
2205,0.0117315
2206,0.016448937
2207,0.015717192
2208,0.013189321
2209,0.01002859
2210,0.010196839
2211,0.009917429
2212,0.00044680806
2213,-0.0062989644
2214,-0.0074726376
2215,-0.0063390858
2216,-0.0065701497
2217,-0.004215552
2218,-0.0023772437
2219,0.00085267844
2220,0.0030886643
2221,0.0020316245
2222,-0.0021955697
2223,-0.0050363024
2224,-0.0038246415
2225,-0.0033150106
2226,-0.0021023322
2227,0.0008093887
2228,0.005056305
2229,0.008006889
2230,0.009172702
2231,0.009348258
2232,0.011820808
2233,0.01995772
2234,0.016165975
2235,0.014768178
2236,0.017136386
2237,0.020856652
2238,0.022341197
2239,0.024177868
2240,0.021595998
2241,0.018352902
2242,0.016274247
2243,0.013198258
2244,0.012368776
2245,0.012655092
2246,0.012171941
2247,0.010049863
2248,0.0077639637
2249,0.011284374
2250,0.015425121
2251,0.01577856
2252,0.01654387
2253,0.017744886
2254,0.015777113
2255,0.028047148
2256,0.034018695
2257,0.03414481
2258,0.034585185
2259,0.03468381
2260,0.03408184
2261,0.031999327
2262,0.031238263
2263,0.033529803
2264,0.039378744
2265,0.04184949
2266,0.046437584
2267,0.05270964
2268,0.058506936
2269,0.05724698
2270,0.049986172
2271,0.046581198
2272,0.046914164
2273,0.04740381
2274,0.048148606
2275,0.04023196
2276,0.040376805
2277,0.037631012
2278,0.03306601
2279,0.031602584
2280,0.034710415
2281,0.03518554
2282,0.0400262
2283,0.03880588
2284,0.034247447
2285,0.031453587
2286,0.030511849
2287,0.031494167
2288,0.03220936
2289,0.031553436
2290,0.03140051
2291,0.029155415
2292,0.025534684
2293,0.021657974
2294,0.020832162
2295,0.022273252
2296,0.022080367
2297,0.023831306
2298,0.023243073
2299,0.0227824
2300,0.023481276
2301,0.024614966
2302,0.026229236
2303,0.0032470673
2304,0.011982633
2305,0.017242374
2306,0.021042038
2307,0.023288973
2308,0.02691643
2309,0.028288357
2310,0.025712663
2311,0.01584588
2312,0.009131469
2313,0.0068912944
2314,0.0049347086
2315,0.001942467
2316,0.0034554042
2317,0.009921113
2318,0.0095659755
2319,0.0055653607
2320,0.0020426249
2321,0.0019736567
2322,0.0060072746
2323,0.0067699477
2324,0.009288214
2325,0.016661149
2326,0.020778598
2327,0.020833971
2328,0.019910352
2329,0.021263447
2330,0.024489582
2331,0.024906768
2332,0.029202532
2333,0.027648043
2334,0.023909798
2335,0.020353671
2336,0.019895185
2337,0.020541755
2338,0.023211401
2339,0.029899536
2340,0.034139387
2341,0.036999125
2342,0.03837953
2343,0.039447553
2344,0.038557403
2345,0.029422387
2346,0.022952728
2347,0.018786175
2348,0.01243543
2349,0.009280955
2350,0.010572644
2351,0.008159662
2352,9.3560666e-05
2353,-0.005044999
2354,-0.004610608
2355,-0.0014327527
2356,0.0011988513
2357,0.0037086136
2358,0.0066929655
2359,0.011516889
2360,0.016479911
2361,0.016302308
2362,0.014260707
2363,0.015202237
2364,0.017612038
2365,0.01941906
2366,0.025007175
2367,0.025842173
2368,0.024481606
2369,0.022222709
2370,0.021454003
2371,0.021053188
2372,0.02255453
2373,0.019209297
2374,0.019032925
2375,0.015651764
2376,0.013076231
2377,0.01200676
2378,0.009857394
2379,0.009271642
2380,0.014141576
2381,0.014247404
2382,0.013931431
2383,0.014717745
2384,0.015984414
2385,0.01697027
2386,0.018914996
2387,0.0179461
2388,0.017701007
2389,0.020571042
2390,0.024678538
2391,0.027385708
2392,0.028545957
2393,0.031043153
2394,0.04465718
2395,0.042461228
2396,0.04260296
2397,0.038023245
2398,0.036838938
2399,0.04168688
2400,0.047193404
2401,0.048512436
2402,0.04392319
2403,0.043585494
2404,0.044812802
2405,0.041710757
2406,0.040900428
2407,0.040991105
2408,0.038362622
2409,0.0333093
2410,0.028105196
2411,0.02536178
2412,0.022452138
2413,0.023554243
2414,0.02911389
2415,0.028764721
2416,0.02591843
2417,0.024134526
2418,0.023749793
2419,0.02465748
2420,0.02554896
2421,0.026165038
2422,0.026596894
2423,0.028612923
2424,0.027823903
2425,0.03158994
2426,0.03445998
2427,0.035074748
2428,0.035310786
2429,0.0347424
2430,0.03400961
2431,0.03285585
2432,0.032144517
2433,0.033545848
2434,0.033621483
2435,0.032201808
2436,0.028330904
2437,0.023622047
2438,0.018250316
2439,0.015767295
2440,0.0145881325
2441,0.014877627
2442,0.016750932
2443,0.017401885
2444,0.01315465
2445,0.011915461
2446,0.011595195
2447,0.012671394
2448,0.012060169
2449,0.012248667
2450,0.012913333
2451,0.012641395
2452,0.011443924
2453,0.010606013
2454,0.009470925
2455,0.009883119
2456,0.011319299
2457,0.015935123
2458,0.020023013
2459,0.016019769
2460,0.0139466
2461,0.010000726
2462,0.0028703809
2463,-0.007998837
2464,-0.0118010845
2465,-0.019343361
2466,-0.024442848
2467,-0.022793982
2468,-0.02258331
2469,-0.019505404
2470,-0.026172113
2471,-0.030209832
2472,-0.026533328
2473,-0.0250642
2474,-0.026958164
2475,-0.027141169
2476,-0.026391264
2477,-0.025103057
2478,-0.024963913
2479,-0.024479244
2480,-0.024033446
2481,-0.0240939
2482,-0.024323499
2483,-0.025685268
2484,-0.027485594
2485,-0.030679826
2486,-0.044756215
2487,-0.052563567
2488,-0.06039925
2489,-0.05858896
2490,-0.054808173
2491,-0.04806853
2492,-0.040612407
2493,-0.0231037
2494,-0.011598811
2495,-0.015116386
2496,-0.016950715
2497,-0.01503724
2498,-0.014190804
2499,-0.014598642
2500,-0.009179166
2501,-0.009135924
2502,-0.00955075
2503,-0.0115335565
2504,-0.011689918
2505,-0.0145664085
2506,-0.015506785
2507,-0.013865871
2508,-0.0077796034
2509,0.00096688955
2510,0.010379674
2511,0.023500895
2512,0.023478039
2513,0.04144312
2514,0.04196755
2515,0.028136255
2516,0.03073239
2517,0.035734925
2518,0.033813056
2519,0.033947065
2520,0.023059487
2521,0.02758099
2522,0.03132192
2523,0.026887024
2524,0.026608013
2525,0.026733382
2526,0.024627002
2527,0.017692667
2528,0.016103934
2529,0.016018631
2530,0.016325524
2531,0.016793454
2532,0.022359919
2533,0.029295247
2534,0.049649477
2535,0.05001569
2536,0.049511872
2537,0.047399044
2538,0.042242058
2539,0.03810177
2540,0.034945525
2541,0.0036271373
2542,-0.0004456886
2543,0.00047724415
2544,0.00033670804
2545,-0.0015232023
2546,-0.007551068
2547,-0.0073891603
2548,-0.024877407
2549,-0.020557866
2550,-0.021613777
2551,-0.016874192
2552,-0.01457561
2553,-0.009526107
2554,-0.0059366417
2555,-0.0051202686
2556,-0.0106329415
2557,-0.017210891
2558,-0.01873834
2559,-0.022760676
2560,-0.02762352
2561,-0.025741475
2562,-0.022617782
2563,-0.019422272
2564,-0.018466739
2565,-0.018438762
2566,-0.017609535
2567,-0.019809077
2568,-0.023216283
2569,-0.023932787
2570,-0.029974494
2571,-0.037080664
2572,-0.043141346
2573,-0.051105242
2574,-0.051826015
2575,-0.04427858
2576,-0.037102323
2577,-0.032759905
2578,-0.029780492
2579,-0.028806191
2580,-0.02985569
2581,-0.03413448
2582,-0.037672263
2583,-0.04186434
2584,-0.036103155
2585,-0.02948143
2586,-0.029842518
2587,-0.030170977
2588,-0.028462198
2589,-0.025142392
2590,-0.018858548
2591,-0.018887429
2592,-0.015087105
2593,-0.010015195
2594,-0.0042039347
2595,0.00016172975
2596,0.0047069825
2597,0.014850041
2598,0.017843245
2599,0.015463017
2600,0.014179414
2601,0.010328849
2602,0.0066047553
2603,0.0031128898
2604,0.009270338
2605,0.008876909
2606,0.014342383
2607,0.018195374
2608,0.023433283
2609,0.025919307
2610,0.024140028
2611,0.023106612
2612,0.025764821
2613,0.025964264
2614,0.028269585
2615,0.03154594
2616,0.030413598
2617,0.031818368
2618,0.035686873
2619,0.03830535
2620,0.04490728
2621,0.047917027
2622,0.04304651
2623,0.040234316
2624,0.035228692
2625,0.033033792
2626,0.031344287
2627,0.032385692
2628,0.034269102
2629,0.04354723
2630,0.04715409
2631,0.04711542
2632,0.041308068
2633,0.040165324
2634,0.042509053
2635,0.044640586
2636,0.04044933
2637,0.03789024
2638,0.03785156
2639,0.039650675
2640,0.041009255
2641,0.04326044
2642,0.047214765
2643,0.042068988
2644,0.037961084
2645,0.032496393
2646,0.029469151
2647,0.028673815
2648,0.030103914
2649,0.03282554
2650,0.039619323
2651,0.039755225
2652,0.041321617
2653,0.040351525
2654,0.037830926
2655,0.035686545
2656,0.03462374
2657,0.029371703
2658,0.02527907
2659,0.020123346
2660,0.016264826
2661,0.016233003
2662,0.016720017
2663,0.018196838
2664,0.023386031
2665,0.026435118
2666,0.031654652
2667,0.031731814
2668,0.03520254
2669,0.038932603
2670,0.04009512
2671,0.040803168
2672,0.04180946
2673,0.036568057
2674,0.031860437
2675,0.032042325
2676,0.033900786
2677,0.03792898
2678,0.033953317
2679,0.033715047
2680,0.039711587
2681,0.039352935
2682,0.039268177
2683,0.042386487
2684,0.041808948
2685,0.04381472
2686,0.045128968
2687,0.045308333
2688,0.04912951
2689,0.051301405
2690,0.038093343
2691,0.031301674
2692,0.022117864
2693,-0.0033653253
2694,-0.019447431
2695,-0.02326041
2696,-0.017014673
2697,-0.008499056
2698,-0.0036336458
2699,-0.0045154807
2700,-0.0092434455
2701,-0.021011822
2702,-0.03142866
2703,-0.03119339
2704,-0.03145305
2705,-0.034802876
2706,-0.026885614
2707,-0.030019742
2708,-0.030770328
2709,-0.028283626
2710,-0.024592698
2711,-0.022711085
2712,-0.02358622
2713,-0.027804647
2714,-0.032307815
2715,-0.03757454
2716,-0.044233486
2717,-0.048212674
2718,-0.04833681
2719,-0.046306532
2720,-0.039280526
2721,-0.039613392
2722,-0.04217935
2723,-0.046971627
2724,-0.048882768
2725,-0.05190892
2726,-0.051476717
2727,-0.053839963
2728,-0.05961001
2729,-0.06206222
2730,-0.061920367
2731,-0.06042718
2732,-0.05937796
2733,-0.06128557
2734,-0.07271945
2735,-0.07278883
2736,-0.0794498
2737,-0.07377992
2738,-0.056929752
2739,-0.055405837
2740,-0.052523647
2741,-0.016502196
2742,-0.017495519
2743,-0.022360768
2744,-0.029973473
2745,-0.033387847
2746,-0.03087113
2747,-0.02710545
2748,-0.017234018
2749,-0.010341436
2750,-0.012401991
2751,-0.0133307185
2752,-0.011702824
2753,-0.008492483
2754,-0.0074144653
2755,-0.010233726
2756,-0.01701643
2757,-0.021235744
2758,-0.026027549
2759,-0.03154158
2760,-0.033013932
2761,-0.030214734
2762,-0.034585565
2763,-0.028551068
2764,-0.023226162
2765,-0.022168666
2766,-0.02314977
2767,-0.025572337
2768,-0.02458143
2769,-0.02318756
2770,-0.0142378155
2771,-0.009178033
2772,-0.0036988095
2773,-0.0015889821
2774,-0.002841502
2775,-0.0031909994
2776,-0.0014205207
2777,0.0014523368
2778,-0.0014784788
2779,-0.0023325467
2780,-0.0030067847
2781,-0.0010859435
2782,-0.00016788905
2783,-0.004031006
2784,-0.008328851
2785,-0.012838744
2786,-0.012981391
2787,-0.00966572
2788,-0.009632902
2789,-0.010414191
2790,-0.010703288
2791,-0.011331016
2792,-0.017795177
2793,-0.024167234
2794,-0.027014751
2795,-0.027178232
2796,-0.024559215
2797,-0.017409708
2798,-0.022665467
2799,-0.024585776
2800,-0.02497338
2801,-0.020583883
2802,-0.017434206
2803,-0.01750219
2804,-0.0105295945
2805,-0.008113053
2806,-0.007674949
2807,-0.007155634
2808,-0.008931907
2809,-0.009084115
2810,-0.007827479
2811,-0.0049171434
2812,-0.006498163
2813,-0.0067888717
2814,-0.0048380126
2815,-0.0023709242
2816,0.00017299363
2817,0.0006258171
2818,-0.009381868
2819,-0.01680966
2820,-0.02389695
2821,-0.025426142
2822,-0.02516219
2823,-0.02536843
2824,-0.02563833
2825,-0.027547486
2826,-0.027768131
2827,-0.0316013
2828,-0.03790429
2829,-0.043304946
2830,-0.041781545
2831,-0.03563151
2832,-0.025086379
2833,-0.022052102
2834,-0.026945695
2835,-0.030917663
2836,-0.029979602
2837,-0.029590819
2838,-0.029756065
2839,-0.026486568
2840,-0.023301331
2841,-0.020005642
2842,-0.017278586
2843,-0.01716697
2844,-0.018225111
2845,-0.015056822
2846,-0.008822028
2847,-0.01292537
2848,-0.018840801
2849,-0.019142391
2850,-0.013131319
2851,-0.008508585
2852,-0.0054230704
2853,-4.2014755e-05
2854,0.0061635375
2855,0.010167344
2856,0.009099225
2857,0.0114657795
2858,0.015199548
2859,0.016745705
2860,0.011040472
2861,0.009198694
2862,0.010076845
2863,0.010216468
2864,0.012096083
2865,0.013132665
2866,0.01343712
2867,0.02367337
2868,0.025000237
2869,0.020794619
2870,0.017804986
2871,0.020893425
2872,0.021418728
2873,0.021697255
2874,0.028683264
2875,0.030891227
2876,0.029562213
2877,0.02887051
2878,0.020888833
2879,0.012123074
2880,0.009936674
2881,0.011397379
2882,0.0133812055
2883,0.01645289
2884,0.015137566
2885,0.01584309
2886,0.016976476
2887,0.02017824
2888,0.024013143
2889,0.02326505
2890,0.024803076
2891,0.030052206
2892,0.031806216
2893,0.030418115
2894,0.03345495
2895,0.04166098
2896,0.035065413
2897,0.028386323
2898,0.0217893
2899,0.019206768
2900,0.017801514
2901,0.016156973
2902,0.01054799
2903,0.0086472565
2904,0.0116649605
2905,0.012158109
2906,0.009850813
2907,0.010426279
2908,0.0117434785
2909,0.0045901216
2910,0.002238169
2911,0.0022536048
2912,0.0011469363
2913,0.0006846213
2914,0.0006820429
2915,5.0554518e-05
2916,0.0052868268
2917,0.007528821
2918,0.008524489
2919,0.009828148
2920,0.01136002
2921,0.013761334
2922,0.016750054
2923,0.024730286
2924,0.02740856
2925,0.027440067
2926,0.02907508
2927,0.028427208
2928,0.025519954
2929,0.027956476
2930,0.026867427
2931,0.028754761
2932,0.028502008
2933,0.025597004
2934,0.02369297
2935,0.022459699
2936,0.02181405
2937,0.0173619
2938,0.014182398
2939,0.011044737
2940,0.008992155
2941,0.005545451
2942,0.0027360243
2943,0.0016499911
2944,0.0012778156
2945,-0.0006395425
2946,-0.0040338286
2947,-0.0033528344
2948,-0.0025274954
2949,0.0013712791
2950,0.005862994
2951,-0.0036206483
2952,-0.0060689882
2953,-0.006332817
2954,-0.011107687
2955,-0.01302846
2956,-0.011995798
2957,-0.010183625
2958,-0.01008269
2959,-0.010054067
2960,-0.014862057
2961,-0.016468067
2962,-0.016440745
2963,-0.013294047
2964,-0.013532348
2965,-0.014750991
2966,-0.020756973
2967,-0.024693549
2968,-0.028128777
2969,-0.031709395
2970,-0.03480348
2971,-0.038002994
2972,-0.03502329
2973,-0.039118625
2974,-0.045081448
2975,-0.050046086
2976,-0.05431542
2977,-0.05453661
2978,-0.055997074
2979,-0.04956851
2980,-0.04970633
2981,-0.052292835
2982,-0.05262691
2983,-0.052776523
2984,-0.05145368
2985,-0.04741832
2986,-0.046919465
2987,-0.043366503
2988,-0.038482442
2989,-0.035841145
2990,-0.035492938
2991,-0.030700285
2992,-0.024191942
2993,-0.021940501
2994,-0.019042058
2995,-0.01885558
2996,-0.017593207
2997,-0.01687318
2998,-0.01468965
2999,-0.012343362
3000,-0.0130485725
3001,-0.011142844
3002,-0.007220845
3003,-0.007030822
3004,-0.0055828295
3005,-0.0038153338
3006,-0.0071250643
3007,-0.0032984507
3008,-0.0012861043
3009,-0.0060113254
3010,-0.010198975
3011,-0.013293991
3012,-0.0129586365
3013,-0.010339271
3014,-0.0023275618
3015,-0.0021448242
3016,-0.0005767243
3017,-0.0006740885
3018,0.00021641422
3019,0.0009581088
3020,0.0039121904
3021,0.015894387
3022,0.01663265
3023,0.01952718
3024,0.023112062
3025,0.02611185
3026,0.028950235
3027,0.02806826
3028,0.022875357
3029,0.026526742
3030,0.03506318
3031,0.03692661
3032,0.03516335
3033,0.035165794
3034,0.039497558
3035,0.035051998
3036,0.036329392
3037,0.037423827
3038,0.03703232
3039,0.04151215
3040,0.042409148
3041,0.041255355
3042,0.04158954
3043,0.03860756
3044,0.036999103
3045,0.036625568
3046,0.035197206
3047,0.034437265
3048,0.03588011
3049,0.034245238
3050,0.03224853
3051,0.027015341
3052,0.020814538
3053,0.016738849
3054,0.018463163
3055,0.02153237
3056,0.025446514
3057,0.02830393
3058,0.03548045
3059,0.041249353
3060,0.039231136
3061,0.037854973
3062,0.037481543
3063,0.039887447
3064,0.04101385
3065,0.042756513
3066,0.044394247
3067,0.043905158
3068,0.047029726
3069,0.05076826
3070,0.049739446
3071,0.0436189
3072,0.040489797
3073,0.040002972
3074,0.042967506
3075,0.043516174
3076,0.04314048
3077,0.037512764
3078,0.03628664
3079,0.033772632
3080,0.030464696
3081,0.026867652
3082,0.025080454
3083,0.025260843
3084,0.02706246
3085,0.022558626
3086,0.020749167
3087,0.01732141
3088,0.017556766
3089,0.018577356
3090,0.018902251
3091,0.015653204
3092,0.014094021
3093,0.015055943
3094,0.014313446
3095,0.014829956
3096,0.014204325
3097,0.014038168
3098,0.013567107
3099,0.012427082
3100,0.006285094
3101,0.0017828732
3102,-0.0004903637
3103,0.0011476944
3104,0.00068964576
3105,-0.00034699542
3106,0.0010984628
3107,0.0006579277
3108,0.00039563514
3109,-0.00017174892
3110,-0.0013721036
3111,-0.0037864638
3112,-0.006590773
3113,-0.012043025
3114,-0.022247247
3115,-0.0301277
3116,-0.032668795
3117,-0.031996462
3118,-0.031365022
3119,-0.03408059
3120,-0.034296263
3121,-0.034478646
3122,-0.03055045
3123,-0.028139364
3124,-0.025077578
3125,-0.023327582
3126,-0.025003906
3127,-0.023056326
3128,-0.024904402
3129,-0.028813057
3130,-0.030160718
3131,-0.029607013
3132,-0.028556064
3133,-0.027958773
3134,-0.03152094
3135,-0.034462556
3136,-0.035662103
3137,-0.03478114
3138,-0.03396175
3139,-0.03366122
3140,-0.029884636
3141,0.039903183
3142,0.06624651
3143,0.065681316
3144,0.08562281
3145,0.098663956
3146,0.09611102
3147,0.11653837
3148,0.11514028
3149,0.11833438
3150,0.12032194
3151,0.121242315
3152,0.118230596
3153,0.11991634
3154,0.118001185
3155,0.11982387
3156,0.12135563
3157,0.11758964
3158,0.11633459
3159,0.11576999
3160,0.12190172
3161,0.12736022
3162,0.13608068
3163,0.13805136
3164,0.13325347
3165,0.1302961
3166,0.13292979
3167,0.13768932
3168,0.13561723
3169,0.12971443
3170,0.12577096
3171,0.119926676
3172,0.11632385
3173,0.11267447
3174,0.11483747
3175,0.1161933
3176,0.1170551
3177,0.12084528
3178,0.118997835
3179,0.11697977
3180,0.12358785
3181,0.13224731
3182,0.13489066
3183,0.14414126
3184,0.1479067
3185,0.14835607
3186,0.14910941
3187,0.14757727
3188,0.14795128
3189,0.057989944
3190,0.044478465
3191,0.032307964
3192,0.02185934
3193,0.016907036
3194,0.0152623225
3195,0.016664699
3196,0.020672081
3197,0.0095219
3198,0.009763328
3199,0.013230098
3200,0.013772262
3201,0.014188383
3202,0.01626161
3203,0.025515411
3204,0.024022989
3205,0.019215833
3206,0.016750095
3207,0.013144568
3208,0.012016255
3209,0.01351908
3210,0.024419796
3211,0.027153214
3212,0.03021431
3213,0.029046904
3214,0.02783237
3215,0.029093487
3216,0.028321227
3217,0.03133403
3218,0.03233844
3219,0.039040633
3220,0.042252816
3221,0.044400368
3222,0.045689497
3223,0.044008
3224,0.047879703
3225,0.041925445
3226,0.037610173
3227,0.0349147
3228,0.030480834
3229,0.023723058
3230,0.02135411
3231,0.01977784
3232,0.0115848435
3233,0.006490181
3234,0.0034875183
3235,0.002214342
3236,0.000871086
3237,0.0032107271
3238,0.0035819048
3239,0.0059867958
3240,0.010924786
3241,0.0125658065
3242,0.012120801
3243,0.012060448
3244,0.013376802
3245,0.016140461
3246,0.014013303
3247,0.009971583
3248,0.006995332
3249,0.004729935
3250,0.0019393812
3251,0.001189996
3252,0.0084353965
3253,0.0052865427
3254,0.004030533
3255,0.0071412567
3256,0.0045702267
3257,0.0019544861
3258,0.0004090611
3259,0.0014529862
3260,0.0022213506
3261,0.005834679
3262,0.007875316
3263,0.008587605
3264,0.009531937
3265,0.011311669
3266,0.011852739
3267,0.008349445
3268,0.008303067
3269,0.007202006
3270,0.009791338
3271,0.011237957
3272,0.018835882
3273,0.027393173
3274,0.028508862
3275,0.02978505
3276,0.034505706
3277,0.04286054
3278,0.057221245
3279,0.05990548
3280,0.07111913
3281,0.06983939
3282,0.06303952
3283,0.060963903
3284,0.062083207
3285,0.065664925
3286,0.06297836
3287,0.05922589
3288,0.05684922
3289,0.055399917
3290,0.052834474
3291,0.048774596
3292,0.046862904
3293,0.038213152
3294,0.022492493
3295,0.008799672
3296,0.009681338
3297,0.022118041
3298,0.026791511
3299,0.029376276
3300,0.03472065
3301,0.03881055
3302,0.04181238
3303,0.042999472
3304,0.042638987
3305,0.045001503
3306,0.04192212
3307,0.03982516
3308,0.032204576
3309,0.025658723
3310,0.020295242
3311,0.018071333
3312,0.018830784
3313,0.021315606
3314,0.016148029
3315,0.0055012763
3316,-0.0019838498
3317,-0.003753047
3318,-0.00717013
3319,-0.013036171
3320,-0.018053265
3321,-0.015439466
3322,-0.016926995
3323,-0.021812245
3324,-0.023792116
3325,-0.028276566
3326,-0.045982555
3327,-0.049751077
3328,-0.047023408
3329,-0.04298202
3330,-0.04304699
3331,-0.043240875
3332,-0.040500015
3333,-0.039294403
3334,-0.036204163
3335,-0.035209887
3336,-0.034441266
3337,-0.03073205
3338,-0.027959045
3339,-0.029970102
3340,-0.0208042
3341,-0.0038917628
3342,0.010783479
3343,0.0114675835
3344,0.006608182
3345,0.0053856876
3346,0.0029875077
3347,-0.0013275328
3348,-0.006346769
3349,-0.0102707725
3350,-0.010994893
3351,-0.009893477
3352,-0.008432213
3353,-0.006923741
3354,0.0031999676
3355,0.003270343
3356,0.0068965754
3357,0.011911804
3358,0.012060557
3359,0.011937488
3360,0.01027312
3361,0.0026150965
3362,0.018549036
3363,0.02638838
3364,0.017839778
3365,0.013909295
3366,0.019009626
3367,0.026749862
3368,0.026453001
3369,0.01656151
3370,0.0152978245
3371,0.021601107
3372,0.024376094
3373,0.026658513
3374,0.030725453
3375,0.030356506
3376,0.025565216
3377,0.021512998
3378,0.021366937
3379,0.022158826
3380,0.020189187
3381,0.02155028
3382,0.021930143
3383,0.021667369
3384,0.022791503
3385,0.025540568
3386,0.026610972
3387,0.02870538
3388,0.029078016
3389,0.02135271
3390,0.019173507
3391,0.017304823
3392,0.014305536
3393,0.01439598
3394,0.017927656
3395,0.018928196
3396,0.018007383
3397,0.019186404
3398,0.018089954
3399,0.012709696
3400,0.0098202005
3401,0.009943987
3402,0.010967093
3403,0.012385741
3404,0.0076865833
3405,0.0035119476
3406,0.0017609627
3407,0.005789748
3408,0.0084511265
3409,0.009674475
3410,0.0106437905
3411,0.009488944
3412,0.0061983457
3413,0.006215483
3414,0.005720407
3415,0.006216496
3416,0.005937364
3417,0.0060382644
3418,-0.0007173242
3419,-0.0056291386
3420,-0.0058121537
3421,-0.0026202118
3422,0.0009757292
3423,0.0020390833
3424,0.0032512094
3425,0.0062831272
3426,0.0062604733
3427,0.0054319077
3428,0.0045957435
3429,0.0036892565
3430,0.0037631
3431,-0.0014387383
3432,-0.0035176869
3433,-0.0030622114
3434,-0.004139014
3435,-0.0047568777
3436,-0.005045083
3437,-0.004122306
3438,0.0013874902
3439,0.00036648195
3440,-0.002045793
3441,-0.0032029445
3442,-0.0052354117
3443,-0.005556406
3444,-0.008120088
3445,-0.009133184
3446,-0.0068471995
3447,-0.008184742
3448,-0.0070981146
3449,-0.0033592847
3450,-0.0003559338
3451,0.0049830806
3452,0.011907008
3453,0.0151086915
3454,0.016151821
3455,0.013523541
3456,0.01330691
3457,0.014980162
3458,0.017278198
3459,0.024560163
3460,0.026331069
3461,0.028318726
3462,0.026505876
3463,0.026143774
3464,0.024679307
3465,0.026242556
3466,0.032124054
3467,0.034820404
3468,0.03316721
3469,0.02918162
3470,0.029155534
3471,0.031468846
3472,0.033593606
3473,0.035469793
3474,0.03805853
3475,0.043733533
3476,0.045105424
3477,0.04312975
3478,0.045054134
3479,0.046729803
3480,0.04447186
3481,0.047507945
3482,0.048873194
3483,0.04278204
3484,0.041649073
3485,0.04413565
3486,0.04714177
3487,0.056920566
3488,0.0561366
3489,0.054037634
3490,0.053685687
3491,0.056184933
3492,0.059222147
3493,0.06211923
3494,0.069088146
3495,0.066377394
3496,0.066201285
3497,0.06596975
3498,0.06850794
3499,0.069449455
3500,0.07162964
3501,0.07100751
3502,0.072133616
3503,0.07848654
3504,0.08138858
3505,0.08152843
3506,0.081527464
3507,0.08523659
3508,0.080510035
3509,0.086133815
3510,0.09752048
3511,0.10021005
3512,0.09593067
3513,0.09048083
3514,0.08671802
3515,0.07744022
3516,0.07283311
3517,0.06351821
3518,0.05715068
3519,0.054545503
3520,0.0543141
3521,0.05658719
3522,0.04622436
3523,0.041683804
3524,0.040418882
3525,0.040977556
3526,0.042719446
3527,0.04380119
3528,0.04497131
3529,0.037947897
3530,0.043866683
3531,0.045537926
3532,0.04094499
3533,0.035055887
3534,0.033238772
3535,0.0348892
3536,0.044247404
3537,0.044090796
3538,0.04352368
3539,0.045431856
3540,0.047783237
3541,0.05173449
3542,0.053123824
3543,0.051661775
3544,0.058794864
3545,0.06351076
3546,0.06299181
3547,0.06058357
3548,0.06169063
3549,0.06210498
3550,0.058935277
3551,0.055224817
3552,0.055326268
3553,0.05289842
3554,0.045365598
3555,0.04123614
3556,0.03952779
3557,0.023765413
3558,0.023459915
3559,0.02713486
3560,0.034807302
3561,0.03975039
3562,0.05015804
3563,0.055138193
3564,0.054741077
3565,0.069422506
3566,0.076635085
3567,0.075836144
3568,0.07658373
3569,0.07720295
3570,0.07787079
3571,0.085528314
3572,0.08775748
3573,0.08622523
3574,0.08459859
3575,0.0873737
3576,0.09216782
3577,0.09778085
3578,0.09159883
3579,0.092323974
3580,0.090104945
3581,0.09026453
3582,0.09161625
3583,0.095241606
3584,0.099383794
3585,0.102187596
3586,0.1032081
3587,0.10790274
3588,0.10973005
3589,0.10810866
3590,0.10805976
3591,0.108590215
3592,0.09341472
3593,0.081488125
3594,0.07060544
3595,0.06318435
3596,0.05469739
3597,0.05242805
3598,0.049525905
3599,0.03631236
3600,0.051469613
3601,0.06730914
3602,0.08052086
3603,0.08551527
3604,0.076627515
3605,0.06980667
3606,0.06073709
3607,0.04759499
3608,0.038694594
3609,0.041441377
3610,0.045968257
3611,0.05032728
3612,0.0502334
3613,0.026915252
3614,0.008130861
3615,-0.0006382563
3616,-0.0013177162
3617,0.0043705697
3618,0.009561059
3619,0.009932965
3620,0.009284575
3621,0.018915353
3622,0.02819803
3623,0.027087897
3624,0.021640027
3625,0.016998306
3626,0.013760677
3627,0.019570995
3628,0.008158316
3629,-0.0063271127
3630,-0.01714508
3631,-0.022866184
3632,-0.02807669
3633,-0.033312455
3634,-0.052582227
3635,-0.059654348
3636,-0.067588285
3637,-0.08174861
3638,-0.10048785
3639,-0.1049802
3640,-0.09844274
3641,-0.08409889
3642,-0.064214304
3643,-0.04903203
3644,-0.03660445
3645,-0.030403838
3646,-0.022791509
3647,-0.010973116
3648,-0.053120002
3649,-0.049739953
3650,-0.045762185
3651,-0.03751582
3652,-0.03291413
3653,-0.026110306
3654,-0.014847873
3655,0.0045815837
3656,-0.013819821
3657,-0.019509932
3658,-0.013447486
3659,-0.008297864
3660,0.0025303576
3661,0.029381355
3662,0.043510746
3663,0.03331025
3664,0.040309597
3665,0.032256793
3666,0.030504303
3667,0.032691192
3668,0.02085478
3669,0.0085057
3670,0.0043574315
3671,0.0026585762
3672,0.007949191
3673,0.014709102
3674,0.015801936
3675,0.02237938
3676,0.02289005
3677,0.0326593
3678,0.043603938
3679,0.055717807
3680,0.067353986
3681,0.07397344
3682,0.088895135
3683,0.08239167
3684,0.09751424
3685,0.12135236
3686,0.1419653
3687,0.14414689
3688,0.13215272
3689,0.12317399
3690,0.10245496
3691,0.10270611
3692,0.087295726
3693,0.077817544
3694,0.07505438
3695,0.072077446
3696,0.0708751
3697,0.06725585
3698,0.057383608
3699,0.054919127
3700,0.05965311
3701,0.059676446
3702,0.05512475
3703,0.056480255
3704,0.061996937
3705,0.056394763
3706,0.054682728
3707,0.05515815
3708,0.053865902
3709,0.05099881
3710,0.048169028
3711,0.039243847
3712,0.046468414
3713,0.048057616
3714,0.039734956
3715,0.037586845
3716,0.03626689
3717,0.037412852
3718,0.04105621
3719,0.041529804
3720,0.04414556
3721,0.04437371
3722,0.046340153
3723,0.047991447
3724,0.04998841
3725,0.04916457
3726,0.037183348
3727,0.023498219
3728,0.012488736
3729,0.009525623
3730,0.009128343
3731,0.013970714
3732,0.0042894026
3733,-0.0045095957
3734,-0.014569838
3735,-0.015149757
3736,-0.009739213
3737,-0.006637598
3738,-0.0017776177
3739,0.0020642197
3740,0.002646362
3741,0.0013586155
3742,0.007872355
3743,0.016596448
3744,0.02131388
3745,0.02519316
3746,0.02152891
3747,0.025373107
3748,0.027171008
3749,0.026220867
3750,0.027666638
3751,0.026426224
3752,0.024845935
3753,0.01785175
3754,0.01214348
3755,0.010834038
3756,0.010548353
3757,0.009998194
3758,0.011089448
3759,0.0107189845
3760,0.013091825
3761,0.016884577
3762,0.019948965
3763,0.02310996
3764,0.022339024
3765,0.02215911
3766,0.023226332
3767,0.021233618
3768,0.021433234
3769,0.025430266
3770,0.026800469
3771,0.027618334
3772,0.029090278
3773,0.034950234
3774,0.0502871
3775,0.058450002
3776,0.062225
3777,0.065491594
3778,0.07788631
3779,0.082995266
3780,0.075393274
3781,0.095222026
3782,0.09592466
3783,0.0893432
3784,0.07948702
3785,0.075076416
3786,0.07350652
3787,0.068676405
3788,0.06820057
3789,0.06429669
3790,0.057403956
3791,0.054710086
3792,0.05397923
3793,0.053185888
3794,0.051895108
3795,0.04438923
3796,0.03981106
3797,0.03761914
3798,0.031951226
3799,0.030214041
3800,0.029587554
3801,0.029908434
3802,0.03719416
3803,0.032903288
3804,0.03197789
3805,0.032887846
3806,0.027729424
3807,0.024601612
3808,0.021045526
3809,0.016476952
3810,0.010482746
3811,0.0038810247
3812,-0.0017105406
3813,-0.007484308
3814,-0.01036175
3815,-0.010738557
3816,-0.013373643
3817,-0.01027043
3818,-0.0062493435
3819,-0.0019030212
3820,0.0014967308
3821,0.002982005
3822,0.001973511
3823,-0.0053514144
3824,-0.007021489
3825,-0.009369573
3826,-0.012587702
3827,-0.0128394645
3828,-0.010939045
3829,-0.011727605
3830,-0.018317431
3831,-0.01919628
3832,-0.016573695
3833,-0.01935272
3834,-0.024621157
3835,-0.02331645
3836,-0.021170251
3837,-0.024353333
3838,-0.03236901
3839,-0.03678036
3840,-0.04037927
3841,-0.046483885
3842,-0.048436653
3843,-0.046543494
3844,-0.04535627
3845,-0.04108553
3846,-0.04082481
3847,-0.039809722
3848,-0.038910907
3849,-0.03616751
3850,-0.033813436
3851,-0.025380183
3852,-0.01724583
3853,-0.00611701
3854,0.00078083016
3855,-0.0011310079
3856,-0.0047839493
3857,-0.012277715
3858,-0.013803098
3859,-0.045902688
3860,-0.06436394
3861,-0.079057984
3862,-0.08188459
3863,-0.07424566
3864,-0.07006137
3865,-0.072504856
3866,-0.08925535
3867,-0.104716025
3868,-0.10567312
3869,-0.10063787
3870,-0.0944905
3871,-0.09064849
3872,-0.082643114
3873,-0.09156208
3874,-0.10999939
3875,-0.12645984
3876,-0.12833905
3877,-0.12586622
3878,-0.127725
3879,-0.12013261
3880,-0.11654303
3881,-0.109895855
3882,-0.10763901
3883,-0.11150075
3884,-0.11202763
3885,-0.10666621
3886,-0.09200962
3887,-0.09682075
3888,-0.101085335
3889,-0.09311429
3890,-0.091132976
3891,-0.08821335
3892,-0.076400965
3893,-0.0843631
3894,-0.070994094
3895,-0.056600824
3896,-0.050521366
3897,-0.048726942
3898,-0.052719664
3899,-0.061043024
3900,-0.07152665
3901,-0.07642312
3902,-0.08168529
3903,-0.08299137
3904,-0.07612795
3905,-0.06607189
3906,-0.05844368
3907,-0.017927792
3908,-0.0065595903
3909,0.004612266
3910,-0.00406847
3911,-0.00079910504
3912,-0.000818457
3913,0.0013436573
3914,0.022377191
3915,0.021599308
3916,0.0056879963
3917,0.005669634
3918,-0.0031644334
3919,-0.013939917
3920,-0.01347293
3921,0.022767557
3922,0.039112493
3923,0.048571248
3924,0.04740324
3925,0.0507271
3926,0.05726158
3927,0.056248665
3928,0.038338263
3929,0.04482161
3930,0.04630217
3931,0.056160998
3932,0.05499026
3933,0.04665338
3934,0.03913805
3935,0.064875945
3936,0.0614158
3937,0.05199446
3938,0.04376502
3939,0.04585036
3940,0.04099538
3941,0.029044164
3942,0.0028161742
3943,0.0015481696
3944,-0.0054996763
3945,-0.009934517
3946,-0.007116673
3947,-0.0041525145
3948,-0.005083049
3949,0.0057122083
3950,0.00869997
3951,0.021758402
3952,0.02851744
3953,0.038928166
3954,0.05499548
3955,0.06387816
3956,0.050995395
3957,0.053892925
3958,0.059130542
3959,0.05918863
3960,0.06222778
3961,0.06718778
3962,0.07843117
3963,0.072874516
3964,0.08322388
3965,0.08983437
3966,0.091236696
3967,0.087954886
3968,0.08461217
3969,0.082862586
3970,0.07962123
3971,0.078455545
3972,0.07880228
3973,0.07413562
3974,0.06989041
3975,0.06720943
3976,0.0704441
3977,0.061662138
3978,0.058677644
3979,0.058634743
3980,0.058470596
3981,0.06013819
3982,0.058996454
3983,0.05535754
3984,0.050202344
3985,0.050763067
3986,0.049560875
3987,0.030410437
3988,0.015979052
3989,0.015117627
3990,0.017448774
3991,0.014379475
3992,0.012386968
3993,0.0014928658
3994,-0.0006472799
3995,0.0017764291
3996,0.0075125014
3997,0.011497157
3998,-0.00017082179
3999,0.0009707627
4000,0.0064200503
4001,0.0074903388
4002,0.006063899
4003,0.007608108
4004,0.010170217
4005,0.0051123644
4006,0.031866316
4007,0.045931127
4008,0.042957865
4009,0.03713858
4010,0.036152806
4011,0.032418024
4012,0.015407598
4013,0.007926
4014,0.014355421
4015,0.016036019
4016,0.014348244
4017,0.014124602
4018,0.011211214
4019,0.0114778355
4020,0.0096502025
4021,0.010526894
4022,0.01655842
4023,0.017787961
4024,0.019699948
4025,0.028876292
4026,0.027356606
4027,0.033221174
4028,0.029261654
4029,0.029873138
4030,0.031224726
4031,0.03602172
4032,0.040112596
4033,0.031600665
4034,0.04378325
4035,0.05649951
4036,0.05973658
4037,0.06575057
4038,0.06824804
4039,0.069250174
4040,0.08722118
4041,0.09310889
4042,0.0794773
4043,0.08353392
4044,0.085268945
4045,0.081696175
4046,0.08014028
4047,0.06623359
4048,0.06349714
4049,0.064254075
4050,0.065041296
4051,0.0584341
4052,0.050816525
4053,0.051141877
4054,-0.009187754
4055,0.0037424439
4056,0.00092413556
4057,-0.0014310856
4058,0.0001180144
4059,0.0039567705
4060,0.0076934327
4061,0.006181139
4062,0.004706426
4063,0.007730223
4064,0.015169881
4065,0.0165634
4066,0.018290823
4067,0.02212301
4068,0.03377918
4069,0.03198151
4070,0.03427672
4071,0.035025783
4072,0.0312641
4073,0.025183829
4074,0.021898435
4075,0.02229256
4076,0.021311762
4077,0.023285717
4078,0.024408212
4079,0.02328131
4080,0.022227174
4081,0.02314648
4082,0.02885295
4083,0.030004615
4084,0.03656276
4085,0.032052845
4086,0.027428502
4087,0.026246402
4088,0.025038892
4089,0.028188061
4090,0.015795942
4091,0.0019606075
4092,-0.006885312
4093,-0.008791363
4094,-0.008060882
4095,-0.004880985
4096,-0.011430914
4097,-0.013052216
4098,-0.011211436
4099,-0.008381516
4100,-0.0054752785
4101,-0.0038965787
4102,-0.0026671062
4103,0.0020168605
4104,0.0001067766
4105,-0.0017887056
4106,-0.000305478
4107,0.00030537928
4108,-0.00079502305
4109,-0.0032140925
4110,-0.0079567395
4111,-0.007992722
4112,-0.011543987
4113,-0.015064737
4114,-0.016399061
4115,-0.016205277
4116,-0.017006537
4117,-0.01824592
4118,-0.01838735
4119,-0.016026959
4120,-0.014085112
4121,-0.014420863
4122,-0.015222447
4123,-0.015735647
4124,-0.013166541
4125,-0.0130095575
4126,-0.015004829
4127,-0.014359245
4128,-0.014630346
4129,-0.012601951
4130,-0.011077343
4131,-0.010729909
4132,-0.015281932
4133,-0.019150658
4134,-0.019839985
4135,-0.017000195
4136,-0.013526678
4137,-0.00920577
4138,0.011768828
4139,0.019440752
4140,0.017487412
4141,0.014254896
4142,0.014411446
4143,0.017383296
4144,0.01791195
4145,0.016069507
4146,0.012192562
4147,0.013115976
4148,0.011764366
4149,0.0115173105
4150,0.012362018
4151,0.013972765
4152,0.019866567
4153,0.015320538
4154,0.013665196
4155,0.01625271
4156,0.018627731
4157,0.02022593
4158,0.01784017
4159,0.022107745
4160,0.023837553
4161,0.023068473
4162,0.023602767
4163,0.028063215
4164,0.029063491
4165,0.031062184
4166,0.026282474
4167,0.026568698
4168,0.027624398
4169,0.02803292
4170,0.027671624
4171,0.029290263
4172,0.028977014
4173,0.027761692
4174,0.031144558
4175,0.03151243
4176,0.032233894
4177,0.031604894
4178,0.035176966
4179,0.03780196
4180,0.048272785
4181,0.04706203
4182,0.044995546
4183,0.041485712
4184,0.03967994
4185,0.038638476
4186,0.035036612
4187,0.041007914
4188,0.04751452
4189,0.05117052
4190,0.04996522
4191,0.048712693
4192,0.048641413
4193,0.05222501
4194,0.055608056
4195,0.05487883
4196,0.051960345
4197,0.04939537
4198,0.049063552
4199,0.05122356
4200,0.051585905
4201,0.053618684
4202,0.048123885
4203,0.04804684
4204,0.046365134
4205,0.043427475
4206,0.04452299
4207,0.045301
4208,0.044661075
4209,0.041781984
4210,0.036726456
4211,0.036080934
4212,0.036411952
4213,0.037555758
4214,0.03726396
4215,0.038802296
4216,0.037139606
4217,0.03583471
4218,0.03412033
4219,0.034597456
4220,0.037062585
4221,0.03752563
4222,0.040090036
4223,0.0385411
4224,0.03583014
4225,0.03555345
4226,0.03584556
4227,0.035679787
4228,0.036420327
4229,0.03212489
4230,0.031485077
4231,0.032731432
4232,0.03332401
4233,0.03299401
4234,0.032961532
4235,0.031509034
4236,0.023862125
4237,0.019112749
4238,0.017829875
4239,0.017298905
4240,0.016371131
4241,0.014436314
4242,0.014759947
4243,0.013886746
4244,0.016191667
4245,0.011130625
4246,0.007774233
4247,0.01144615
4248,0.012950912
4249,0.013552479
4250,0.015298218
4251,0.017052298
4252,0.01849676
4253,0.019581283
4254,0.02275274
4255,0.021623101
4256,0.020941027
4257,0.02856498
4258,0.02394627
4259,0.01737856
4260,0.012121195
4261,0.0112739075
4262,0.014641628
4263,0.021306533
4264,0.025997752
4265,0.029039085
4266,0.03396009
4267,0.035692513
4268,0.035080075
4269,0.038055837
4270,0.039088488
4271,0.039136935
4272,0.03561253
4273,0.03157094
4274,0.021002887
4275,0.0174244
4276,0.020791864
4277,0.021475498
4278,0.01842791
4279,0.017031662
4280,0.012321983
4281,0.0093408525
4282,0.01008728
4283,0.011542431
4284,0.01192366
4285,0.010384368
4286,0.00087688863
4287,-0.013786137
4288,-0.028143402
4289,-0.03400957
4290,-0.036416907
4291,-0.03608476
4292,-0.030063692
4293,-0.029723879
4294,-0.02606951
4295,-0.022946378
4296,-0.018814307
4297,-0.014171584
4298,-0.0101238545
4299,-0.004758707
4300,-0.008635595
4301,-0.010110751
4302,-0.011049146
4303,-0.014012212
4304,-0.021614173
4305,-0.025291722
4306,-0.020464258
4307,-0.022577435
4308,-0.026136836
4309,-0.02393732
4310,-0.018763697
4311,-0.0194041
4312,-0.020450773
4313,-0.022904579
4314,-0.0216849
4315,-0.021646414
4316,-0.025239699
4317,-0.028352812
4318,-0.028682921
4319,-0.026272718
4320,-0.02737102
4321,-0.026402008
4322,-0.028527256
4323,-0.029707722
4324,-0.026585426
4325,-0.025501642
4326,-0.019905437
4327,-0.015262848
4328,-0.006210678
4329,-0.006894425
4330,-0.009991232
4331,-0.012707956
4332,-0.014080023
4333,-0.012885228
4334,0.0008920091
4335,0.010285871
4336,0.015026441
4337,0.018801283
4338,0.022804357
4339,0.025540404
4340,0.026190547
4341,0.017967967
4342,0.017763253
4343,0.019984076
4344,0.01438739
4345,0.009368824
4346,0.010497302
4347,0.01502992
4348,0.010910649
4349,0.011796845
4350,0.015743831
4351,0.021303086
4352,0.030783506
4353,0.037339702
4354,0.04312158
4355,0.04272979
4356,0.041337624
4357,0.033766303
4358,0.03011393
4359,0.028939866
4360,0.025422683
4361,0.023555664
4362,0.016742334
4363,0.01698824
4364,0.02071264
4365,0.02654083
4366,0.02900964
4367,0.03023121
4368,0.03578495
4369,0.05871876
4370,0.057112824
4371,0.058505293
4372,0.061318573
4373,0.062306385
4374,0.061641175
4375,0.059660837
4376,0.054810904
4377,0.059058905
4378,0.05967128
4379,0.066042855
4380,0.063985266
4381,0.07220915
4382,0.07905172
4383,0.07480169
4384,0.07405372
4385,0.0767792
4386,0.080198854
4387,0.08199733
4388,0.07138215
4389,0.064461365
4390,0.06345208
4391,0.071667105
4392,0.07472634
4393,0.077602595
4394,0.073995076
4395,0.07301855
4396,0.06731158
4397,0.062692896
4398,0.06155745
4399,0.060636524
4400,0.06064743
4401,0.061776586
4402,0.05612276
4403,0.051765244
4404,0.04671357
4405,0.050447408
4406,0.048987456
4407,0.047651753
4408,0.04974901
4409,0.04469781
4410,0.044405226
4411,0.04369848
4412,0.04351404
4413,0.041048124
4414,0.03784852
4415,0.02970679
4416,0.021466272
4417,0.01378694
4418,0.008473139
4419,0.0066217785
4420,0.0061875526
4421,0.0042316974
4422,0.0012565202
4423,0.006143453
4424,0.0092983525
4425,0.010900774
4426,0.010470141
4427,0.006950711
4428,0.0051888744
4429,0.0010299673
4430,0.00028802082
4431,0.0010412391
4432,0.00029741507
4433,-2.9373914e-06
4434,0.0023493234
4435,0.010118682
4436,0.0232075
4437,0.013142457
4438,-0.0007806355
4439,-0.0093725175
4440,-0.01568891
4441,-0.017675312
4442,-0.01684864
4443,-0.016724123
4444,-0.0045888894
4445,0.00020546885
4446,-0.00062910654
4447,-0.0039791814
4448,-0.011016091
4449,-0.01271111
4450,-0.0071698413
4451,-0.010816371
4452,-0.015466552
4453,-0.015465923
4454,-0.019073952
4455,-0.022899829
4456,-0.019873463
4457,-0.022613512
4458,-0.025592288
4459,-0.027536284
4460,-0.023733566
4461,-0.020710155
4462,-0.018876683
4463,-0.01634408
4464,-0.010734107
4465,-0.008414293
4466,-0.01274075
4467,-0.015141662
4468,-0.013440486
4469,-0.010076441
4470,-0.008794317
4471,-0.019915653
4472,-0.021172961
4473,-0.018234989
4474,-0.011070225
4475,-0.0043858583
4476,-0.0021339539
4477,-0.0009724698
4478,0.0015491995
4479,0.0004430376
4480,-0.0021626954
4481,-0.007057939
4482,-0.011129839
4483,-0.01435961
4484,-0.018580372
4485,-0.003450491
4486,0.0007856833
4487,0.00040917704
4488,0.0029255266
4489,0.009999537
4490,0.0115754
4491,0.016886376
4492,-0.009204937
4493,0.0031570164
4494,0.0072574923
4495,0.013461452
4496,0.021463053
4497,0.022369353
4498,0.025785588
4499,0.030748803
4500,0.037378684
4501,0.039490502
4502,0.047779094
4503,0.054801553
4504,0.054038525
4505,0.058151074
4506,0.0562356
4507,0.062789
4508,0.061509952
4509,0.05740552
4510,0.06321848
4511,0.06620784
4512,0.071946934
4513,0.075067885
4514,0.06890317
4515,0.06762854
4516,0.065578155
4517,0.06194216
4518,0.061386853
4519,0.05678878
4520,0.059420362
4521,0.058035683
4522,0.060852036
4523,0.0602955
4524,0.053943604
4525,0.04673828
4526,0.043279376
4527,0.040909242
4528,0.043540634
4529,0.044953715
4530,0.047148053
4531,0.048121087
4532,0.049407113
4533,0.053262103
4534,0.052106567
4535,0.04872199
4536,0.04172385
4537,0.028347945
4538,0.021200774
4539,0.018852994
4540,0.019154826
4541,0.018279929
4542,0.02019233
4543,0.021320118
4544,0.019745119
4545,0.018332483
4546,0.017544609
4547,0.0177636
4548,0.019156765
4549,0.0077572353
4550,-0.0019857525
4551,-0.005609969
4552,-0.008622475
4553,-0.00843358
4554,-0.0059438148
4555,-0.0014641546
4556,-0.0043048677
4557,-0.0085341
4558,-0.01156874
4559,-0.014948925
4560,-0.01649741
4561,-0.012697745
4562,-0.002347739
4563,-0.0023107547
4564,-0.0018602163
4565,-0.00037217233
4566,0.0021408305
4567,0.006241997
4568,0.0053726765
4569,-0.0072256536
4570,-0.016315317
4571,-0.01381639
4572,-0.0074245767
4573,-0.0041277544
4574,-0.0015789005
4575,0.0016490442
4576,-0.0033772006
4577,-0.0003340952
4578,-0.00010909233
4579,-0.000783043
4580,-0.0036870413
4581,-0.0046649245
4582,-0.004789608
4583,0.004401993
4584,0.0114832
4585,0.01412099
4586,0.012865441
4587,0.012337342
4588,0.014196301
4589,0.012901969
4590,0.0064006844
4591,0.007783952
4592,0.008093084
4593,0.0082052965
4594,0.0109135825
4595,0.014496019
4596,0.016710194
4597,0.02465619
4598,0.033197507
4599,0.03438566
4600,0.032378346
4601,0.031838097
4602,0.030087363
4603,0.029338727
4604,0.03114354
4605,0.04049758
4606,0.04281376
4607,0.047458407
4608,0.04780392
4609,0.05404855
4610,0.059272688
4611,0.059962574
4612,0.056299705
4613,0.056397196
4614,0.055451315
4615,0.058950763
4616,0.06593665
4617,0.06845212
4618,0.06714619
4619,0.060244497
4620,0.0565766
4621,0.05639214
4622,0.057222895
4623,0.057352748
4624,0.057042256
4625,0.054441784
4626,0.053395703
4627,0.059196245
4628,0.06272925
4629,0.058523726
4630,0.06352778
4631,0.0682546
4632,0.0694404
4633,0.06613021
4634,0.05653884
4635,0.048003003
4636,0.047526985
4637,0.04516777
4638,0.047306057
4639,0.04487623
4640,0.042500038
4641,0.035900876
4642,0.021591444
4643,0.014828624
4644,0.013025129
4645,0.011135764
4646,0.009013433
4647,0.007764396
4648,0.010081476
4649,0.0135673005
4650,0.014461456
4651,0.012652166
4652,0.012561929
4653,0.0039857035
4654,-0.0017831647
4655,-0.009670721
4656,-0.017694825
4657,-0.024513807
4658,-0.027853888
4659,-0.02922969
4660,-0.027660422
4661,-0.03402595
4662,-0.037437484
4663,-0.03440173
4664,-0.02897013
4665,-0.02058648
4666,-0.013896355
4667,-0.013687007
4668,-0.015774641
4669,-0.016978333
4670,-0.017802242
4671,-0.018491406
4672,-0.015986878
4673,-0.016523946
4674,-0.017081754
4675,-0.019415531
4676,-0.02083974
4677,-0.0168487
4678,-0.018974101
4679,-0.021442113
4680,-0.022316447
4681,-0.01474838
4682,-0.008510172
4683,-0.009948535
4684,-0.0118966885
4685,-0.014493307
4686,-0.014976716
4687,-0.013002627
4688,-0.013220524
4689,-0.009153632
4690,-0.009734377
4691,-0.012775939
4692,-0.011462795
4693,-0.0150385685
4694,-0.016100304
4695,-0.012979638
4696,-0.019202197
4697,-0.016871976
4698,-0.008365057
4699,-0.003669091
4700,-0.0036899927
4701,-0.00428939
4702,-0.007343233
4703,-0.0030685696
4704,-0.007121784
4705,-0.012550596
4706,-0.011978691
4707,-0.013640283
4708,-0.013632886
4709,-0.007971173
4710,-0.009475086
4711,-0.011322765
4712,-0.012830565
4713,-0.0101433415
4714,-0.011306852
4715,-0.015910866
4716,-0.016564459
4717,-0.011767242
4718,-0.016459156
4719,-0.02433365
4720,-0.02725695
4721,-0.026355453
4722,-0.029236685
4723,-0.03556378
4724,-0.04057439
4725,-0.045069344
4726,-0.045364648
4727,-0.03896559
4728,-0.03469916
4729,-0.03222216
4730,-0.026509691
4731,-0.018883878
4732,-0.014344042
4733,-0.010603122
4734,-0.0061500794
4735,-0.0067471997
4736,-0.0038786246
4737,0.013342066
4738,0.026445888
4739,0.026494946
4740,0.024488194
4741,0.028225556
4742,0.029209873
4743,0.036716525
4744,0.030527355
4745,0.023898004
4746,0.022701308
4747,0.02650168
4748,0.03328098
4749,0.035700567
4750,0.03727206
4751,0.04403623
4752,0.04986326
4753,0.049542412
4754,0.050220862
4755,0.049813807
4756,0.048078597
4757,0.045982692
4758,0.035876237
4759,0.03623039
4760,0.03391904
4761,0.03485962
4762,0.035217088
4763,0.03518435
4764,0.037063614
4765,0.036148984
4766,0.036089275
4767,0.035888113
4768,0.033810295
4769,0.035043783
4770,0.036971394
4771,0.0397646
4772,0.045930862
4773,0.038707376
4774,0.031298295
4775,0.02246918
4776,0.019169137
4777,0.0157845
4778,0.014224993
4779,0.008387679
4780,0.0031774163
4781,-0.0033786339
4782,-0.015565099
4783,-0.0249053
4784,-0.030064944
4785,-0.034828614
4786,-0.03066662
4787,-0.032367136
4788,-0.0374324
4789,-0.0429958
4790,-0.049670942
4791,-0.053352818
4792,-0.052449137
4793,-0.052454937
4794,-0.05865431
4795,-0.061357453
4796,-0.067343466
4797,-0.07523598
4798,-0.080652215
4799,-0.08070113
4800,-0.0711811
4801,-0.072976686
4802,-0.072140925
4803,-0.06481768
4804,-0.061841346
4805,-0.06299531
4806,-0.06373923
4807,-0.06954896
4808,-0.076832525
4809,-0.08745224
4810,-0.09586763
4811,-0.100406796
4812,-0.10204036
4813,-0.10089393
4814,-0.100037
4815,-0.117247775
4816,-0.1338232
4817,-0.14228661
4818,-0.1367379
4819,-0.1308329
4820,-0.12643738
4821,-0.12756586
4822,-0.11020951
4823,-0.090721786
4824,-0.08401646
4825,-0.0856762
4826,-0.09101008
4827,-0.09354011
4828,-0.085446484
4829,-0.07808953
4830,-0.07630624
4831,-0.075403444
4832,-0.075264715
4833,-0.07377466
4834,-0.07220875
4835,-0.070423886
4836,-0.06449309
4837,-0.05787523
4838,-0.047719035
4839,-0.043595284
4840,-0.04669569
4841,-0.046826802
4842,-0.03394747
4843,-0.03392422
4844,-0.023642547
4845,-0.010476962
4846,-0.0066829105
4847,-0.015091233
4848,-0.019153375
4849,-0.01833329
4850,-0.028299749
4851,-0.0319748
4852,-0.033439476
4853,-0.03433057
4854,-0.042800315
4855,-0.046611577
4856,-0.033233337
4857,-0.02249418
4858,-0.012828747
4859,-0.005302859
4860,-0.007468539
4861,-0.009402949
4862,-0.003617071
4863,0.018902618
4864,0.019715436
4865,0.03856939
4866,0.03952429
4867,0.038993444
4868,0.04604296
4869,0.046618596
4870,-0.0015362282
4871,-0.009055303
4872,-0.018050186
4873,-0.020180522
4874,-0.022547204
4875,-0.02012967
4876,-0.020743852
4877,-0.009051999
4878,0.008999629
4879,0.0047271885
4880,0.0006000283
4881,-0.009899126
4882,-0.019803695
4883,-0.024930345
4884,-0.041128755
4885,-0.04424612
4886,-0.042609908
4887,-0.036759075
4888,-0.032744836
4889,-0.027966399
4890,-0.02439088
4891,-0.026703157
4892,-0.049708758
4893,-0.08795959
4894,-0.11283616
4895,-0.111291945
4896,-0.09987813
4897,-0.09577611
4898,-0.09246531
4899,-0.09377053
4900,-0.090963274
4901,-0.09286926
4902,-0.10156555
4903,-0.108870044
4904,-0.115311496
4905,-0.13472073
4906,-0.15194982
4907,-0.15747252
4908,-0.14664823
4909,-0.13507083
4910,-0.13145152
4911,-0.13444567
4912,-0.13667047
4913,-0.1294165
4914,-0.11981981
4915,-0.10597053
4916,-0.09970405
4917,-0.09774757
4918,-0.100091584
4919,-0.07339692
4920,-0.07035315
4921,-0.07084947
4922,-0.072287135
4923,-0.07075472
4924,-0.07327179
4925,-0.07180591
4926,-0.05927231
4927,-0.04754477
4928,-0.040667426
4929,-0.038026508
4930,-0.033615533
4931,-0.027220525
4932,-0.01520556
4933,-0.02534178
4934,-0.042883575
4935,-0.0635986
4936,-0.07623769
4937,-0.08155508
4938,-0.09398049
4939,-0.096755564
4940,-0.014628654
4941,-0.0021456354
4942,0.0060125683
4943,-0.003984803
4944,-0.012008604
4945,-0.0007677092
4946,0.004535127
4947,-0.004498198
4948,0.015625264
4949,0.04635719
4950,0.07898686
4951,0.09711209
4952,0.11365288
4953,0.13626917
4954,0.1574337
4955,0.1526518
4956,0.16095097
4957,0.15918523
4958,0.1667621
4959,0.16431183
4960,0.15539722
4961,0.110252626
4962,0.087867975
4963,0.082963236
4964,0.07624342
4965,0.06505455
4966,0.061308555
4967,0.06257643
4968,0.06364122
4969,0.061280552
4970,0.04892979
4971,0.030808508
4972,0.013337541
4973,-0.0012240061
4974,-0.005939727
4975,-0.016948251
4976,-0.015087986
4977,-0.011223204
4978,-0.006358842
4979,-0.002732609
4980,-0.0041919188
4981,-0.008073805
4982,0.00018967642
4983,0.01778749
4984,0.023538942
4985,0.020843906
4986,0.014914259
4987,0.0018657332
4988,-0.0076011396
4989,-0.015445361
4990,-0.033650123
4991,-0.043801226
4992,-0.05234339
4993,-0.049015027
4994,-0.035801932
4995,-0.024693152
4996,-0.03900359
4997,-0.055555545
4998,-0.06811798
4999,-0.07444287
5000,-0.07917291
5001,-0.08257883
5002,-0.08796467
5003,-0.08924599
5004,-0.102069095
5005,-0.11407198
5006,-0.12060786
5007,-0.12638535
5008,-0.1310281
5009,-0.12960708
5010,-0.11692253
5011,-0.13106304
5012,-0.13574326
5013,-0.12548636
5014,-0.11219333
5015,-0.10998178
5016,-0.114057206
5017,-0.1029115
5018,-0.08374065
5019,-0.071010076
5020,-0.068352886
5021,-0.06480306
5022,-0.06882216
5023,-0.06703707
5024,-0.069639
5025,-0.071526915
5026,-0.08246306
5027,-0.07906593
5028,-0.079340965
5029,-0.070288256
5030,-0.056804743
5031,-0.060540654
5032,-0.050036654
5033,-0.041916758
5034,-0.035028577
5035,-0.026808955
5036,-0.020819986
5037,-0.017313596
5038,0.0076812534
5039,0.016004762
5040,0.008424999
5041,0.0050791083
5042,-0.0033430965
5043,-0.010583943
5044,-0.0065831575
5045,0.009876041
5046,0.010667396
5047,0.026357945
5048,0.036964994
5049,0.04478543
5050,0.049015116
5051,0.046871826
5052,0.062925205
5053,0.074509874
5054,0.08589027
5055,0.09875097
5056,0.10417363
5057,0.10222515
5058,0.1040157
5059,0.16083707
5060,0.12905577
5061,0.105543375
5062,0.10744125
5063,0.1217292
5064,0.14859422
5065,0.163299
5066,0.14308731
5067,0.15102829
5068,0.1502987
5069,0.14621462
5070,0.1524312
5071,0.15602407
5072,0.1585383
5073,0.15338172
5074,0.14598276
5075,0.13680334
5076,0.12976146
5077,0.0987206
5078,0.06848265
5079,0.047000483
5080,0.047481645
5081,0.057097793
5082,0.061344832
5083,0.063379355
5084,0.07200006
5085,0.073345095
5086,0.072041474
5087,0.06736579
5088,0.057382595
5089,0.045551755
5090,0.042235475
5091,0.018753711
5092,0.012543308
5093,0.010687295
5094,-0.003735186
5095,-0.018196674
5096,-0.02184479
5097,-0.024011197
5098,-0.02027431
5099,-0.00946386
5100,-0.0026118224
5101,-0.010174587
5102,-0.015050549
5103,-0.021654664
5104,-0.025831554
5105,-0.020521289
5106,-0.018863311
5107,-0.013373192
5108,-0.0022758744
5109,0.005345677
5110,0.0063824942
5111,0.004160475
5112,-0.03945022
5113,-0.042795416
5114,-0.049496304
5115,-0.055725228
5116,-0.06136138
5117,-0.06252439
5118,-0.06519371
5119,-0.058744133
5120,-0.063010775
5121,-0.06411198
5122,-0.053399965
5123,-0.040396202
5124,-0.041898068
5125,-0.03788669
5126,-0.0076985448
5127,-0.028772727
5128,-0.05075748
5129,-0.06746761
5130,-0.07329364
5131,-0.07860926
5132,-0.08745948
5133,-0.09892529
5134,-0.09410227
5135,-0.07956659
5136,-0.0698307
5137,-0.06623257
5138,-0.05411688
5139,-0.047809664
5140,-0.0456534
5141,-0.04619823
5142,-0.036813166
5143,-0.03378653
5144,-0.036999308
5145,-0.036300763
5146,-0.04144528
5147,-0.07416025
5148,-0.08646663
5149,-0.09813629
5150,-0.1050696
5151,-0.10577661
5152,-0.10966745
5153,-0.11574331
5154,-0.12250117
5155,-0.12695381
5156,-0.13661954
5157,-0.14985017
5158,-0.16296642
5159,-0.16356216
5160,-0.16078621
5161,-0.16608462
5162,-0.1745388
5163,-0.17830612
5164,-0.17185216
5165,-0.17059468
5166,-0.16544001
5167,-0.1645096
5168,-0.1490545
5169,-0.13709879
5170,-0.12239296
5171,-0.10983118
5172,-0.101578735
5173,-0.09542709
5174,-0.092982285
5175,-0.076452136
5176,-0.08241481
5177,-0.09609478
5178,-0.09702717
5179,-0.07686718
5180,-0.056139793
5181,-0.040958174
5182,-0.043521613
5183,-0.03703014
5184,-0.032389663
5185,-0.035765707
5186,-0.03719405
5187,-0.025805708
5188,-0.024108378
5189,-0.03399437
5190,-0.040128477
5191,-0.039342143
